"排序","地域","浏览量占比",
"0","广东","12.9%",
"1","江苏","7.63%",
"2","山东","7.21%",
"3","浙江","6.5%",
"4","河南","6.25%",
"5","河北","5.06%",
"6","四川","4.65%",
"7","湖北","3.7%",
"8","北京","3.67%",
"9","湖南","3.58%",
"10","安徽","3.45%",
"11","上海","3.07%",
"12","辽宁","3.06%",
"13","福建","2.99%",
"14","广西","2.86%",
"15","江西","2.68%",
"16","陕西","2.49%",
"17","山西","2.48%",
"18","云南","2.07%",
"19","黑龙江","2.05%",
"20","重庆","1.84%",
"21","吉林","1.58%",
"22","贵州","1.47%",
"23","内蒙古","1.39%",
"24","甘肃","1.16%",
"25","天津","1.16%",
"26","新疆","0.91%",
"27","海南","0.63%",
"28","台湾","0.45%",
"29","宁夏","0.43%",
"30","青海","0.28%",
"31","香港","0.21%",
"32","西藏","0.1%",
"33","澳门","0.03%",

"广东省2017.07.01~2017.09.30浏览量占比"
时间,浏览量占比
="2017.07.01","0.00%",
="2017.07.02","13.14%",
="2017.07.03","0.00%",
="2017.07.04","0.00%",
="2017.07.05","0.00%",
="2017.07.06","0.00%",
="2017.07.07","13.29%",
="2017.07.08","0.00%",
="2017.07.09","0.00%",
="2017.07.10","0.00%",
="2017.07.11","0.00%",
="2017.07.12","0.00%",
="2017.07.13","0.00%",
="2017.07.14","0.00%",
="2017.07.15","0.00%",
="2017.07.16","0.00%",
="2017.07.17","0.00%",
="2017.07.18","0.00%",
="2017.07.19","0.00%",
="2017.07.20","0.00%",
="2017.07.21","0.00%",
="2017.07.22","12.81%",
="2017.07.23","0.00%",
="2017.07.24","12.67%",
="2017.07.25","0.00%",
="2017.07.26","12.69%",
="2017.07.27","0.00%",
="2017.07.28","0.00%",
="2017.07.29","0.00%",
="2017.07.30","0.00%",
="2017.07.31","0.00%",
="2017.08.01","0.00%",
="2017.08.02","0.00%",
="2017.08.03","0.00%",
="2017.08.04","0.00%",
="2017.08.05","12.64%",
="2017.08.06","0.00%",
="2017.08.07","0.00%",
="2017.08.08","0.00%",
="2017.08.09","0.00%",
="2017.08.10","0.00%",
="2017.08.11","0.00%",
="2017.08.12","0.00%",
="2017.08.13","0.00%",
="2017.08.14","0.00%",
="2017.08.15","0.00%",
="2017.08.16","0.00%",
="2017.08.17","0.00%",
="2017.08.18","0.00%",
="2017.08.19","12.88%",
="2017.08.20","0.00%",
="2017.08.21","0.00%",
="2017.08.22","0.00%",
="2017.08.23","0.00%",
="2017.08.24","12.76%",
="2017.08.25","12.63%",
="2017.08.26","12.97%",
="2017.08.27","13.44%",
="2017.08.28","12.97%",
="2017.08.29","0.00%",
="2017.08.30","0.00%",
="2017.08.31","13.28%",
="2017.09.01","12.85%",
="2017.09.02","13.17%",
="2017.09.03","0.00%",
="2017.09.04","13.56%",
="2017.09.05","13.13%",
="2017.09.06","0.00%",
="2017.09.07","13.40%",
="2017.09.08","12.91%",
="2017.09.09","12.92%",
="2017.09.10","12.50%",
="2017.09.11","13.01%",
="2017.09.12","13.37%",
="2017.09.13","13.13%",
="2017.09.14","13.27%",
="2017.09.15","12.82%",
="2017.09.16","12.64%",
="2017.09.17","12.81%",
="2017.09.18","0.00%",
="2017.09.19","0.00%",
="2017.09.20","12.76%",
="2017.09.21","0.00%",
="2017.09.22","12.76%",
="2017.09.23","12.37%",
="2017.09.24","12.10%",
="2017.09.25","0.00%",
="2017.09.26","12.70%",
="2017.09.27","12.61%",
="2017.09.28","13.13%",
="2017.09.29","0.00%",
="2017.09.30","12.59%",

"江苏省2017.07.01~2017.09.30浏览量占比"
时间,浏览量占比
="2017.07.01","0.00%",
="2017.07.02","7.57%",
="2017.07.03","0.00%",
="2017.07.04","0.00%",
="2017.07.05","0.00%",
="2017.07.06","0.00%",
="2017.07.07","7.44%",
="2017.07.08","0.00%",
="2017.07.09","0.00%",
="2017.07.10","0.00%",
="2017.07.11","0.00%",
="2017.07.12","0.00%",
="2017.07.13","0.00%",
="2017.07.14","0.00%",
="2017.07.15","0.00%",
="2017.07.16","0.00%",
="2017.07.17","0.00%",
="2017.07.18","0.00%",
="2017.07.19","0.00%",
="2017.07.20","0.00%",
="2017.07.21","0.00%",
="2017.07.22","7.54%",
="2017.07.23","0.00%",
="2017.07.24","7.63%",
="2017.07.25","0.00%",
="2017.07.26","7.61%",
="2017.07.27","0.00%",
="2017.07.28","0.00%",
="2017.07.29","0.00%",
="2017.07.30","0.00%",
="2017.07.31","0.00%",
="2017.08.01","0.00%",
="2017.08.02","0.00%",
="2017.08.03","0.00%",
="2017.08.04","0.00%",
="2017.08.05","7.58%",
="2017.08.06","0.00%",
="2017.08.07","0.00%",
="2017.08.08","0.00%",
="2017.08.09","0.00%",
="2017.08.10","0.00%",
="2017.08.11","0.00%",
="2017.08.12","0.00%",
="2017.08.13","0.00%",
="2017.08.14","0.00%",
="2017.08.15","0.00%",
="2017.08.16","0.00%",
="2017.08.17","0.00%",
="2017.08.18","0.00%",
="2017.08.19","7.70%",
="2017.08.20","0.00%",
="2017.08.21","0.00%",
="2017.08.22","0.00%",
="2017.08.23","0.00%",
="2017.08.24","7.85%",
="2017.08.25","7.87%",
="2017.08.26","7.52%",
="2017.08.27","7.49%",
="2017.08.28","7.89%",
="2017.08.29","0.00%",
="2017.08.30","0.00%",
="2017.08.31","7.48%",
="2017.09.01","7.41%",
="2017.09.02","7.44%",
="2017.09.03","0.00%",
="2017.09.04","7.72%",
="2017.09.05","7.50%",
="2017.09.06","0.00%",
="2017.09.07","7.47%",
="2017.09.08","7.52%",
="2017.09.09","7.47%",
="2017.09.10","7.75%",
="2017.09.11","7.88%",
="2017.09.12","7.61%",
="2017.09.13","7.59%",
="2017.09.14","7.58%",
="2017.09.15","7.64%",
="2017.09.16","7.50%",
="2017.09.17","7.52%",
="2017.09.18","0.00%",
="2017.09.19","0.00%",
="2017.09.20","7.93%",
="2017.09.21","0.00%",
="2017.09.22","7.55%",
="2017.09.23","7.62%",
="2017.09.24","7.87%",
="2017.09.25","0.00%",
="2017.09.26","7.67%",
="2017.09.27","7.81%",
="2017.09.28","7.57%",
="2017.09.29","0.00%",
="2017.09.30","7.69%",

"山东省2017.07.01~2017.09.30浏览量占比"
时间,浏览量占比
="2017.07.01","0.00%",
="2017.07.02","7.44%",
="2017.07.03","0.00%",
="2017.07.04","0.00%",
="2017.07.05","0.00%",
="2017.07.06","0.00%",
="2017.07.07","7.35%",
="2017.07.08","0.00%",
="2017.07.09","0.00%",
="2017.07.10","0.00%",
="2017.07.11","0.00%",
="2017.07.12","0.00%",
="2017.07.13","0.00%",
="2017.07.14","0.00%",
="2017.07.15","0.00%",
="2017.07.16","0.00%",
="2017.07.17","0.00%",
="2017.07.18","0.00%",
="2017.07.19","0.00%",
="2017.07.20","0.00%",
="2017.07.21","0.00%",
="2017.07.22","7.82%",
="2017.07.23","0.00%",
="2017.07.24","7.76%",
="2017.07.25","0.00%",
="2017.07.26","7.63%",
="2017.07.27","0.00%",
="2017.07.28","0.00%",
="2017.07.29","0.00%",
="2017.07.30","0.00%",
="2017.07.31","0.00%",
="2017.08.01","0.00%",
="2017.08.02","0.00%",
="2017.08.03","0.00%",
="2017.08.04","0.00%",
="2017.08.05","7.67%",
="2017.08.06","0.00%",
="2017.08.07","0.00%",
="2017.08.08","0.00%",
="2017.08.09","0.00%",
="2017.08.10","0.00%",
="2017.08.11","0.00%",
="2017.08.12","0.00%",
="2017.08.13","0.00%",
="2017.08.14","0.00%",
="2017.08.15","0.00%",
="2017.08.16","0.00%",
="2017.08.17","0.00%",
="2017.08.18","0.00%",
="2017.08.19","7.74%",
="2017.08.20","0.00%",
="2017.08.21","0.00%",
="2017.08.22","0.00%",
="2017.08.23","0.00%",
="2017.08.24","7.58%",
="2017.08.25","7.50%",
="2017.08.26","7.37%",
="2017.08.27","6.92%",
="2017.08.28","7.30%",
="2017.08.29","0.00%",
="2017.08.30","0.00%",
="2017.08.31","6.98%",
="2017.09.01","7.00%",
="2017.09.02","7.06%",
="2017.09.03","0.00%",
="2017.09.04","6.95%",
="2017.09.05","7.04%",
="2017.09.06","0.00%",
="2017.09.07","6.92%",
="2017.09.08","7.10%",
="2017.09.09","7.26%",
="2017.09.10","7.51%",
="2017.09.11","7.00%",
="2017.09.12","6.93%",
="2017.09.13","7.04%",
="2017.09.14","6.90%",
="2017.09.15","7.04%",
="2017.09.16","7.35%",
="2017.09.17","7.16%",
="2017.09.18","0.00%",
="2017.09.19","0.00%",
="2017.09.20","6.83%",
="2017.09.21","0.00%",
="2017.09.22","6.99%",
="2017.09.23","7.21%",
="2017.09.24","7.14%",
="2017.09.25","0.00%",
="2017.09.26","7.17%",
="2017.09.27","6.82%",
="2017.09.28","6.67%",
="2017.09.29","0.00%",
="2017.09.30","6.92%",

"浙江省2017.07.01~2017.09.30浏览量占比"
时间,浏览量占比
="2017.07.01","0.00%",
="2017.07.02","6.26%",
="2017.07.03","0.00%",
="2017.07.04","0.00%",
="2017.07.05","0.00%",
="2017.07.06","0.00%",
="2017.07.07","6.42%",
="2017.07.08","0.00%",
="2017.07.09","0.00%",
="2017.07.10","0.00%",
="2017.07.11","0.00%",
="2017.07.12","0.00%",
="2017.07.13","0.00%",
="2017.07.14","0.00%",
="2017.07.15","0.00%",
="2017.07.16","0.00%",
="2017.07.17","0.00%",
="2017.07.18","0.00%",
="2017.07.19","0.00%",
="2017.07.20","0.00%",
="2017.07.21","0.00%",
="2017.07.22","6.52%",
="2017.07.23","0.00%",
="2017.07.24","6.60%",
="2017.07.25","0.00%",
="2017.07.26","6.56%",
="2017.07.27","0.00%",
="2017.07.28","0.00%",
="2017.07.29","0.00%",
="2017.07.30","0.00%",
="2017.07.31","0.00%",
="2017.08.01","0.00%",
="2017.08.02","0.00%",
="2017.08.03","0.00%",
="2017.08.04","0.00%",
="2017.08.05","6.40%",
="2017.08.06","0.00%",
="2017.08.07","0.00%",
="2017.08.08","0.00%",
="2017.08.09","0.00%",
="2017.08.10","0.00%",
="2017.08.11","0.00%",
="2017.08.12","0.00%",
="2017.08.13","0.00%",
="2017.08.14","0.00%",
="2017.08.15","0.00%",
="2017.08.16","0.00%",
="2017.08.17","0.00%",
="2017.08.18","0.00%",
="2017.08.19","6.44%",
="2017.08.20","0.00%",
="2017.08.21","0.00%",
="2017.08.22","0.00%",
="2017.08.23","0.00%",
="2017.08.24","6.55%",
="2017.08.25","6.54%",
="2017.08.26","6.40%",
="2017.08.27","6.21%",
="2017.08.28","6.47%",
="2017.08.29","0.00%",
="2017.08.30","0.00%",
="2017.08.31","6.59%",
="2017.09.01","6.63%",
="2017.09.02","6.46%",
="2017.09.03","0.00%",
="2017.09.04","6.47%",
="2017.09.05","6.44%",
="2017.09.06","0.00%",
="2017.09.07","6.60%",
="2017.09.08","6.66%",
="2017.09.09","6.49%",
="2017.09.10","6.35%",
="2017.09.11","6.77%",
="2017.09.12","6.64%",
="2017.09.13","6.52%",
="2017.09.14","6.60%",
="2017.09.15","6.72%",
="2017.09.16","6.39%",
="2017.09.17","6.25%",
="2017.09.18","0.00%",
="2017.09.19","0.00%",
="2017.09.20","6.74%",
="2017.09.21","0.00%",
="2017.09.22","6.50%",
="2017.09.23","6.49%",
="2017.09.24","6.15%",
="2017.09.25","0.00%",
="2017.09.26","6.49%",
="2017.09.27","6.57%",
="2017.09.28","6.76%",
="2017.09.29","0.00%",
="2017.09.30","6.56%",

"河南省2017.07.01~2017.09.30浏览量占比"
时间,浏览量占比
="2017.07.01","0.00%",
="2017.07.02","6.31%",
="2017.07.03","0.00%",
="2017.07.04","0.00%",
="2017.07.05","0.00%",
="2017.07.06","0.00%",
="2017.07.07","6.32%",
="2017.07.08","0.00%",
="2017.07.09","0.00%",
="2017.07.10","0.00%",
="2017.07.11","0.00%",
="2017.07.12","0.00%",
="2017.07.13","0.00%",
="2017.07.14","0.00%",
="2017.07.15","0.00%",
="2017.07.16","0.00%",
="2017.07.17","0.00%",
="2017.07.18","0.00%",
="2017.07.19","0.00%",
="2017.07.20","0.00%",
="2017.07.21","0.00%",
="2017.07.22","6.58%",
="2017.07.23","0.00%",
="2017.07.24","6.46%",
="2017.07.25","0.00%",
="2017.07.26","6.38%",
="2017.07.27","0.00%",
="2017.07.28","0.00%",
="2017.07.29","0.00%",
="2017.07.30","0.00%",
="2017.07.31","0.00%",
="2017.08.01","0.00%",
="2017.08.02","0.00%",
="2017.08.03","0.00%",
="2017.08.04","0.00%",
="2017.08.05","6.71%",
="2017.08.06","0.00%",
="2017.08.07","0.00%",
="2017.08.08","0.00%",
="2017.08.09","0.00%",
="2017.08.10","0.00%",
="2017.08.11","0.00%",
="2017.08.12","0.00%",
="2017.08.13","0.00%",
="2017.08.14","0.00%",
="2017.08.15","0.00%",
="2017.08.16","0.00%",
="2017.08.17","0.00%",
="2017.08.18","0.00%",
="2017.08.19","6.61%",
="2017.08.20","0.00%",
="2017.08.21","0.00%",
="2017.08.22","0.00%",
="2017.08.23","0.00%",
="2017.08.24","6.38%",
="2017.08.25","6.37%",
="2017.08.26","6.40%",
="2017.08.27","6.20%",
="2017.08.28","5.99%",
="2017.08.29","0.00%",
="2017.08.30","0.00%",
="2017.08.31","6.02%",
="2017.09.01","5.98%",
="2017.09.02","6.44%",
="2017.09.03","0.00%",
="2017.09.04","5.86%",
="2017.09.05","5.97%",
="2017.09.06","0.00%",
="2017.09.07","5.77%",
="2017.09.08","6.11%",
="2017.09.09","6.81%",
="2017.09.10","6.79%",
="2017.09.11","5.86%",
="2017.09.12","5.77%",
="2017.09.13","5.82%",
="2017.09.14","5.76%",
="2017.09.15","6.05%",
="2017.09.16","6.54%",
="2017.09.17","6.40%",
="2017.09.18","0.00%",
="2017.09.19","0.00%",
="2017.09.20","5.93%",
="2017.09.21","0.00%",
="2017.09.22","6.00%",
="2017.09.23","6.68%",
="2017.09.24","6.80%",
="2017.09.25","0.00%",
="2017.09.26","6.14%",
="2017.09.27","6.07%",
="2017.09.28","5.67%",
="2017.09.29","0.00%",
="2017.09.30","6.45%",

"河北省2017.07.01~2017.09.30浏览量占比"
时间,浏览量占比
="2017.07.01","0.00%",
="2017.07.02","4.97%",
="2017.07.03","0.00%",
="2017.07.04","0.00%",
="2017.07.05","0.00%",
="2017.07.06","0.00%",
="2017.07.07","4.81%",
="2017.07.08","0.00%",
="2017.07.09","0.00%",
="2017.07.10","0.00%",
="2017.07.11","0.00%",
="2017.07.12","0.00%",
="2017.07.13","0.00%",
="2017.07.14","0.00%",
="2017.07.15","0.00%",
="2017.07.16","0.00%",
="2017.07.17","0.00%",
="2017.07.18","0.00%",
="2017.07.19","0.00%",
="2017.07.20","0.00%",
="2017.07.21","0.00%",
="2017.07.22","5.19%",
="2017.07.23","0.00%",
="2017.07.24","5.09%",
="2017.07.25","0.00%",
="2017.07.26","5.19%",
="2017.07.27","0.00%",
="2017.07.28","0.00%",
="2017.07.29","0.00%",
="2017.07.30","0.00%",
="2017.07.31","0.00%",
="2017.08.01","0.00%",
="2017.08.02","0.00%",
="2017.08.03","0.00%",
="2017.08.04","0.00%",
="2017.08.05","5.26%",
="2017.08.06","0.00%",
="2017.08.07","0.00%",
="2017.08.08","0.00%",
="2017.08.09","0.00%",
="2017.08.10","0.00%",
="2017.08.11","0.00%",
="2017.08.12","0.00%",
="2017.08.13","0.00%",
="2017.08.14","0.00%",
="2017.08.15","0.00%",
="2017.08.16","0.00%",
="2017.08.17","0.00%",
="2017.08.18","0.00%",
="2017.08.19","5.33%",
="2017.08.20","0.00%",
="2017.08.21","0.00%",
="2017.08.22","0.00%",
="2017.08.23","0.00%",
="2017.08.24","5.00%",
="2017.08.25","4.98%",
="2017.08.26","5.18%",
="2017.08.27","5.59%",
="2017.08.28","5.04%",
="2017.08.29","0.00%",
="2017.08.30","0.00%",
="2017.08.31","4.93%",
="2017.09.01","4.90%",
="2017.09.02","5.08%",
="2017.09.03","0.00%",
="2017.09.04","4.65%",
="2017.09.05","4.69%",
="2017.09.06","0.00%",
="2017.09.07","4.78%",
="2017.09.08","4.93%",
="2017.09.09","5.11%",
="2017.09.10","5.11%",
="2017.09.11","4.85%",
="2017.09.12","4.88%",
="2017.09.13","4.97%",
="2017.09.14","4.96%",
="2017.09.15","5.02%",
="2017.09.16","5.28%",
="2017.09.17","5.23%",
="2017.09.18","0.00%",
="2017.09.19","0.00%",
="2017.09.20","4.82%",
="2017.09.21","0.00%",
="2017.09.22","5.12%",
="2017.09.23","5.43%",
="2017.09.24","5.47%",
="2017.09.25","0.00%",
="2017.09.26","4.98%",
="2017.09.27","4.90%",
="2017.09.28","4.88%",
="2017.09.29","0.00%",
="2017.09.30","5.29%",

"四川省2017.07.01~2017.09.30浏览量占比"
时间,浏览量占比
="2017.07.01","0.00%",
="2017.07.02","4.56%",
="2017.07.03","0.00%",
="2017.07.04","0.00%",
="2017.07.05","0.00%",
="2017.07.06","0.00%",
="2017.07.07","4.67%",
="2017.07.08","0.00%",
="2017.07.09","0.00%",
="2017.07.10","0.00%",
="2017.07.11","0.00%",
="2017.07.12","0.00%",
="2017.07.13","0.00%",
="2017.07.14","0.00%",
="2017.07.15","0.00%",
="2017.07.16","0.00%",
="2017.07.17","0.00%",
="2017.07.18","0.00%",
="2017.07.19","0.00%",
="2017.07.20","0.00%",
="2017.07.21","0.00%",
="2017.07.22","4.51%",
="2017.07.23","0.00%",
="2017.07.24","4.51%",
="2017.07.25","0.00%",
="2017.07.26","4.55%",
="2017.07.27","0.00%",
="2017.07.28","0.00%",
="2017.07.29","0.00%",
="2017.07.30","0.00%",
="2017.07.31","0.00%",
="2017.08.01","0.00%",
="2017.08.02","0.00%",
="2017.08.03","0.00%",
="2017.08.04","0.00%",
="2017.08.05","4.36%",
="2017.08.06","0.00%",
="2017.08.07","0.00%",
="2017.08.08","0.00%",
="2017.08.09","0.00%",
="2017.08.10","0.00%",
="2017.08.11","0.00%",
="2017.08.12","0.00%",
="2017.08.13","0.00%",
="2017.08.14","0.00%",
="2017.08.15","0.00%",
="2017.08.16","0.00%",
="2017.08.17","0.00%",
="2017.08.18","0.00%",
="2017.08.19","4.58%",
="2017.08.20","0.00%",
="2017.08.21","0.00%",
="2017.08.22","0.00%",
="2017.08.23","0.00%",
="2017.08.24","4.63%",
="2017.08.25","4.77%",
="2017.08.26","4.68%",
="2017.08.27","4.62%",
="2017.08.28","4.78%",
="2017.08.29","0.00%",
="2017.08.30","0.00%",
="2017.08.31","4.79%",
="2017.09.01","4.74%",
="2017.09.02","4.59%",
="2017.09.03","0.00%",
="2017.09.04","4.62%",
="2017.09.05","4.60%",
="2017.09.06","0.00%",
="2017.09.07","4.60%",
="2017.09.08","4.70%",
="2017.09.09","4.69%",
="2017.09.10","4.61%",
="2017.09.11","4.61%",
="2017.09.12","4.67%",
="2017.09.13","4.70%",
="2017.09.14","4.77%",
="2017.09.15","4.75%",
="2017.09.16","4.66%",
="2017.09.17","4.73%",
="2017.09.18","0.00%",
="2017.09.19","0.00%",
="2017.09.20","4.59%",
="2017.09.21","0.00%",
="2017.09.22","4.71%",
="2017.09.23","4.70%",
="2017.09.24","4.65%",
="2017.09.25","0.00%",
="2017.09.26","4.66%",
="2017.09.27","4.75%",
="2017.09.28","4.81%",
="2017.09.29","0.00%",
="2017.09.30","4.66%",

"湖北省2017.07.01~2017.09.30浏览量占比"
时间,浏览量占比
="2017.07.01","0.00%",
="2017.07.02","3.70%",
="2017.07.03","0.00%",
="2017.07.04","0.00%",
="2017.07.05","0.00%",
="2017.07.06","0.00%",
="2017.07.07","3.68%",
="2017.07.08","0.00%",
="2017.07.09","0.00%",
="2017.07.10","0.00%",
="2017.07.11","0.00%",
="2017.07.12","0.00%",
="2017.07.13","0.00%",
="2017.07.14","0.00%",
="2017.07.15","0.00%",
="2017.07.16","0.00%",
="2017.07.17","0.00%",
="2017.07.18","0.00%",
="2017.07.19","0.00%",
="2017.07.20","0.00%",
="2017.07.21","0.00%",
="2017.07.22","3.59%",
="2017.07.23","0.00%",
="2017.07.24","3.62%",
="2017.07.25","0.00%",
="2017.07.26","3.65%",
="2017.07.27","0.00%",
="2017.07.28","0.00%",
="2017.07.29","0.00%",
="2017.07.30","0.00%",
="2017.07.31","0.00%",
="2017.08.01","0.00%",
="2017.08.02","0.00%",
="2017.08.03","0.00%",
="2017.08.04","0.00%",
="2017.08.05","3.71%",
="2017.08.06","0.00%",
="2017.08.07","0.00%",
="2017.08.08","0.00%",
="2017.08.09","0.00%",
="2017.08.10","0.00%",
="2017.08.11","0.00%",
="2017.08.12","0.00%",
="2017.08.13","0.00%",
="2017.08.14","0.00%",
="2017.08.15","0.00%",
="2017.08.16","0.00%",
="2017.08.17","0.00%",
="2017.08.18","0.00%",
="2017.08.19","3.57%",
="2017.08.20","0.00%",
="2017.08.21","0.00%",
="2017.08.22","0.00%",
="2017.08.23","0.00%",
="2017.08.24","3.66%",
="2017.08.25","3.67%",
="2017.08.26","3.64%",
="2017.08.27","3.60%",
="2017.08.28","3.71%",
="2017.08.29","0.00%",
="2017.08.30","0.00%",
="2017.08.31","3.77%",
="2017.09.01","3.71%",
="2017.09.02","3.79%",
="2017.09.03","0.00%",
="2017.09.04","3.60%",
="2017.09.05","3.63%",
="2017.09.06","0.00%",
="2017.09.07","3.63%",
="2017.09.08","3.65%",
="2017.09.09","3.63%",
="2017.09.10","3.74%",
="2017.09.11","3.66%",
="2017.09.12","3.66%",
="2017.09.13","3.67%",
="2017.09.14","3.69%",
="2017.09.15","3.70%",
="2017.09.16","3.72%",
="2017.09.17","3.73%",
="2017.09.18","0.00%",
="2017.09.19","0.00%",
="2017.09.20","3.81%",
="2017.09.21","0.00%",
="2017.09.22","3.83%",
="2017.09.23","3.83%",
="2017.09.24","3.72%",
="2017.09.25","0.00%",
="2017.09.26","3.73%",
="2017.09.27","3.90%",
="2017.09.28","3.84%",
="2017.09.29","0.00%",
="2017.09.30","3.80%",

"北京省2017.07.01~2017.09.30浏览量占比"
时间,浏览量占比
="2017.07.01","0.00%",
="2017.07.02","3.29%",
="2017.07.03","0.00%",
="2017.07.04","0.00%",
="2017.07.05","0.00%",
="2017.07.06","0.00%",
="2017.07.07","3.64%",
="2017.07.08","0.00%",
="2017.07.09","0.00%",
="2017.07.10","0.00%",
="2017.07.11","0.00%",
="2017.07.12","0.00%",
="2017.07.13","0.00%",
="2017.07.14","0.00%",
="2017.07.15","0.00%",
="2017.07.16","0.00%",
="2017.07.17","0.00%",
="2017.07.18","0.00%",
="2017.07.19","0.00%",
="2017.07.20","0.00%",
="2017.07.21","0.00%",
="2017.07.22","2.93%",
="2017.07.23","0.00%",
="2017.07.24","3.42%",
="2017.07.25","0.00%",
="2017.07.26","3.56%",
="2017.07.27","0.00%",
="2017.07.28","0.00%",
="2017.07.29","0.00%",
="2017.07.30","0.00%",
="2017.07.31","0.00%",
="2017.08.01","0.00%",
="2017.08.02","0.00%",
="2017.08.03","0.00%",
="2017.08.04","0.00%",
="2017.08.05","3.53%",
="2017.08.06","0.00%",
="2017.08.07","0.00%",
="2017.08.08","0.00%",
="2017.08.09","0.00%",
="2017.08.10","0.00%",
="2017.08.11","0.00%",
="2017.08.12","0.00%",
="2017.08.13","0.00%",
="2017.08.14","0.00%",
="2017.08.15","0.00%",
="2017.08.16","0.00%",
="2017.08.17","0.00%",
="2017.08.18","0.00%",
="2017.08.19","3.44%",
="2017.08.20","0.00%",
="2017.08.21","0.00%",
="2017.08.22","0.00%",
="2017.08.23","0.00%",
="2017.08.24","3.71%",
="2017.08.25","3.73%",
="2017.08.26","3.43%",
="2017.08.27","3.64%",
="2017.08.28","3.82%",
="2017.08.29","0.00%",
="2017.08.30","0.00%",
="2017.08.31","3.73%",
="2017.09.01","3.77%",
="2017.09.02","3.24%",
="2017.09.03","0.00%",
="2017.09.04","3.90%",
="2017.09.05","3.89%",
="2017.09.06","0.00%",
="2017.09.07","3.93%",
="2017.09.08","3.93%",
="2017.09.09","3.24%",
="2017.09.10","3.33%",
="2017.09.11","4.04%",
="2017.09.12","4.09%",
="2017.09.13","4.16%",
="2017.09.14","4.07%",
="2017.09.15","3.95%",
="2017.09.16","3.39%",
="2017.09.17","3.45%",
="2017.09.18","0.00%",
="2017.09.19","0.00%",
="2017.09.20","3.97%",
="2017.09.21","0.00%",
="2017.09.22","4.03%",
="2017.09.23","3.26%",
="2017.09.24","3.32%",
="2017.09.25","0.00%",
="2017.09.26","4.11%",
="2017.09.27","4.06%",
="2017.09.28","4.04%",
="2017.09.29","0.00%",
="2017.09.30","3.58%",

"湖南省2017.07.01~2017.09.30浏览量占比"
时间,浏览量占比
="2017.07.01","0.00%",
="2017.07.02","3.53%",
="2017.07.03","0.00%",
="2017.07.04","0.00%",
="2017.07.05","0.00%",
="2017.07.06","0.00%",
="2017.07.07","3.43%",
="2017.07.08","0.00%",
="2017.07.09","0.00%",
="2017.07.10","0.00%",
="2017.07.11","0.00%",
="2017.07.12","0.00%",
="2017.07.13","0.00%",
="2017.07.14","0.00%",
="2017.07.15","0.00%",
="2017.07.16","0.00%",
="2017.07.17","0.00%",
="2017.07.18","0.00%",
="2017.07.19","0.00%",
="2017.07.20","0.00%",
="2017.07.21","0.00%",
="2017.07.22","3.51%",
="2017.07.23","0.00%",
="2017.07.24","3.48%",
="2017.07.25","0.00%",
="2017.07.26","3.49%",
="2017.07.27","0.00%",
="2017.07.28","0.00%",
="2017.07.29","0.00%",
="2017.07.30","0.00%",
="2017.07.31","0.00%",
="2017.08.01","0.00%",
="2017.08.02","0.00%",
="2017.08.03","0.00%",
="2017.08.04","0.00%",
="2017.08.05","3.60%",
="2017.08.06","0.00%",
="2017.08.07","0.00%",
="2017.08.08","0.00%",
="2017.08.09","0.00%",
="2017.08.10","0.00%",
="2017.08.11","0.00%",
="2017.08.12","0.00%",
="2017.08.13","0.00%",
="2017.08.14","0.00%",
="2017.08.15","0.00%",
="2017.08.16","0.00%",
="2017.08.17","0.00%",
="2017.08.18","0.00%",
="2017.08.19","3.62%",
="2017.08.20","0.00%",
="2017.08.21","0.00%",
="2017.08.22","0.00%",
="2017.08.23","0.00%",
="2017.08.24","3.57%",
="2017.08.25","3.55%",
="2017.08.26","3.65%",
="2017.08.27","3.56%",
="2017.08.28","3.57%",
="2017.08.29","0.00%",
="2017.08.30","0.00%",
="2017.08.31","3.67%",
="2017.09.01","3.61%",
="2017.09.02","3.56%",
="2017.09.03","0.00%",
="2017.09.04","3.37%",
="2017.09.05","3.48%",
="2017.09.06","0.00%",
="2017.09.07","3.56%",
="2017.09.08","3.56%",
="2017.09.09","3.66%",
="2017.09.10","3.62%",
="2017.09.11","3.51%",
="2017.09.12","3.60%",
="2017.09.13","3.56%",
="2017.09.14","3.65%",
="2017.09.15","3.51%",
="2017.09.16","3.60%",
="2017.09.17","3.66%",
="2017.09.18","0.00%",
="2017.09.19","0.00%",
="2017.09.20","3.59%",
="2017.09.21","0.00%",
="2017.09.22","3.54%",
="2017.09.23","3.67%",
="2017.09.24","3.64%",
="2017.09.25","0.00%",
="2017.09.26","3.55%",
="2017.09.27","3.54%",
="2017.09.28","3.70%",
="2017.09.29","0.00%",
="2017.09.30","3.75%",

"安徽省2017.07.01~2017.09.30浏览量占比"
时间,浏览量占比
="2017.07.01","0.00%",
="2017.07.02","3.14%",
="2017.07.03","0.00%",
="2017.07.04","0.00%",
="2017.07.05","0.00%",
="2017.07.06","0.00%",
="2017.07.07","3.14%",
="2017.07.08","0.00%",
="2017.07.09","0.00%",
="2017.07.10","0.00%",
="2017.07.11","0.00%",
="2017.07.12","0.00%",
="2017.07.13","0.00%",
="2017.07.14","0.00%",
="2017.07.15","0.00%",
="2017.07.16","0.00%",
="2017.07.17","0.00%",
="2017.07.18","0.00%",
="2017.07.19","0.00%",
="2017.07.20","0.00%",
="2017.07.21","0.00%",
="2017.07.22","3.27%",
="2017.07.23","0.00%",
="2017.07.24","3.27%",
="2017.07.25","0.00%",
="2017.07.26","3.27%",
="2017.07.27","0.00%",
="2017.07.28","0.00%",
="2017.07.29","0.00%",
="2017.07.30","0.00%",
="2017.07.31","0.00%",
="2017.08.01","0.00%",
="2017.08.02","0.00%",
="2017.08.03","0.00%",
="2017.08.04","0.00%",
="2017.08.05","3.44%",
="2017.08.06","0.00%",
="2017.08.07","0.00%",
="2017.08.08","0.00%",
="2017.08.09","0.00%",
="2017.08.10","0.00%",
="2017.08.11","0.00%",
="2017.08.12","0.00%",
="2017.08.13","0.00%",
="2017.08.14","0.00%",
="2017.08.15","0.00%",
="2017.08.16","0.00%",
="2017.08.17","0.00%",
="2017.08.18","0.00%",
="2017.08.19","3.48%",
="2017.08.20","0.00%",
="2017.08.21","0.00%",
="2017.08.22","0.00%",
="2017.08.23","0.00%",
="2017.08.24","3.48%",
="2017.08.25","3.51%",
="2017.08.26","3.46%",
="2017.08.27","3.44%",
="2017.08.28","3.54%",
="2017.08.29","0.00%",
="2017.08.30","0.00%",
="2017.08.31","3.74%",
="2017.09.01","3.51%",
="2017.09.02","3.49%",
="2017.09.03","0.00%",
="2017.09.04","3.46%",
="2017.09.05","3.41%",
="2017.09.06","0.00%",
="2017.09.07","3.40%",
="2017.09.08","3.38%",
="2017.09.09","3.41%",
="2017.09.10","3.63%",
="2017.09.11","3.45%",
="2017.09.12","3.38%",
="2017.09.13","3.39%",
="2017.09.14","3.37%",
="2017.09.15","3.42%",
="2017.09.16","3.47%",
="2017.09.17","3.47%",
="2017.09.18","0.00%",
="2017.09.19","0.00%",
="2017.09.20","3.49%",
="2017.09.21","0.00%",
="2017.09.22","3.44%",
="2017.09.23","3.67%",
="2017.09.24","3.82%",
="2017.09.25","0.00%",
="2017.09.26","3.44%",
="2017.09.27","3.63%",
="2017.09.28","3.41%",
="2017.09.29","0.00%",
="2017.09.30","3.65%",

"上海省2017.07.01~2017.09.30浏览量占比"
时间,浏览量占比
="2017.07.01","0.00%",
="2017.07.02","2.92%",
="2017.07.03","0.00%",
="2017.07.04","0.00%",
="2017.07.05","0.00%",
="2017.07.06","0.00%",
="2017.07.07","3.27%",
="2017.07.08","0.00%",
="2017.07.09","0.00%",
="2017.07.10","0.00%",
="2017.07.11","0.00%",
="2017.07.12","0.00%",
="2017.07.13","0.00%",
="2017.07.14","0.00%",
="2017.07.15","0.00%",
="2017.07.16","0.00%",
="2017.07.17","0.00%",
="2017.07.18","0.00%",
="2017.07.19","0.00%",
="2017.07.20","0.00%",
="2017.07.21","0.00%",
="2017.07.22","2.88%",
="2017.07.23","0.00%",
="2017.07.24","3.10%",
="2017.07.25","0.00%",
="2017.07.26","3.16%",
="2017.07.27","0.00%",
="2017.07.28","0.00%",
="2017.07.29","0.00%",
="2017.07.30","0.00%",
="2017.07.31","0.00%",
="2017.08.01","0.00%",
="2017.08.02","0.00%",
="2017.08.03","0.00%",
="2017.08.04","0.00%",
="2017.08.05","2.80%",
="2017.08.06","0.00%",
="2017.08.07","0.00%",
="2017.08.08","0.00%",
="2017.08.09","0.00%",
="2017.08.10","0.00%",
="2017.08.11","0.00%",
="2017.08.12","0.00%",
="2017.08.13","0.00%",
="2017.08.14","0.00%",
="2017.08.15","0.00%",
="2017.08.16","0.00%",
="2017.08.17","0.00%",
="2017.08.18","0.00%",
="2017.08.19","2.79%",
="2017.08.20","0.00%",
="2017.08.21","0.00%",
="2017.08.22","0.00%",
="2017.08.23","0.00%",
="2017.08.24","2.99%",
="2017.08.25","3.03%",
="2017.08.26","2.78%",
="2017.08.27","2.82%",
="2017.08.28","3.12%",
="2017.08.29","0.00%",
="2017.08.30","0.00%",
="2017.08.31","3.16%",
="2017.09.01","3.18%",
="2017.09.02","2.84%",
="2017.09.03","0.00%",
="2017.09.04","3.29%",
="2017.09.05","3.26%",
="2017.09.06","0.00%",
="2017.09.07","3.36%",
="2017.09.08","3.23%",
="2017.09.09","2.84%",
="2017.09.10","2.88%",
="2017.09.11","3.44%",
="2017.09.12","3.36%",
="2017.09.13","3.38%",
="2017.09.14","3.33%",
="2017.09.15","3.32%",
="2017.09.16","2.82%",
="2017.09.17","2.89%",
="2017.09.18","0.00%",
="2017.09.19","0.00%",
="2017.09.20","3.40%",
="2017.09.21","0.00%",
="2017.09.22","3.17%",
="2017.09.23","2.71%",
="2017.09.24","2.84%",
="2017.09.25","0.00%",
="2017.09.26","3.09%",
="2017.09.27","3.22%",
="2017.09.28","3.16%",
="2017.09.29","0.00%",
="2017.09.30","2.88%",

"辽宁省2017.07.01~2017.09.30浏览量占比"
时间,浏览量占比
="2017.07.01","0.00%",
="2017.07.02","3.01%",
="2017.07.03","0.00%",
="2017.07.04","0.00%",
="2017.07.05","0.00%",
="2017.07.06","0.00%",
="2017.07.07","3.02%",
="2017.07.08","0.00%",
="2017.07.09","0.00%",
="2017.07.10","0.00%",
="2017.07.11","0.00%",
="2017.07.12","0.00%",
="2017.07.13","0.00%",
="2017.07.14","0.00%",
="2017.07.15","0.00%",
="2017.07.16","0.00%",
="2017.07.17","0.00%",
="2017.07.18","0.00%",
="2017.07.19","0.00%",
="2017.07.20","0.00%",
="2017.07.21","0.00%",
="2017.07.22","2.91%",
="2017.07.23","0.00%",
="2017.07.24","2.83%",
="2017.07.25","0.00%",
="2017.07.26","2.77%",
="2017.07.27","0.00%",
="2017.07.28","0.00%",
="2017.07.29","0.00%",
="2017.07.30","0.00%",
="2017.07.31","0.00%",
="2017.08.01","0.00%",
="2017.08.02","0.00%",
="2017.08.03","0.00%",
="2017.08.04","0.00%",
="2017.08.05","2.97%",
="2017.08.06","0.00%",
="2017.08.07","0.00%",
="2017.08.08","0.00%",
="2017.08.09","0.00%",
="2017.08.10","0.00%",
="2017.08.11","0.00%",
="2017.08.12","0.00%",
="2017.08.13","0.00%",
="2017.08.14","0.00%",
="2017.08.15","0.00%",
="2017.08.16","0.00%",
="2017.08.17","0.00%",
="2017.08.18","0.00%",
="2017.08.19","2.96%",
="2017.08.20","0.00%",
="2017.08.21","0.00%",
="2017.08.22","0.00%",
="2017.08.23","0.00%",
="2017.08.24","2.99%",
="2017.08.25","2.96%",
="2017.08.26","3.00%",
="2017.08.27","3.09%",
="2017.08.28","3.02%",
="2017.08.29","0.00%",
="2017.08.30","0.00%",
="2017.08.31","3.06%",
="2017.09.01","3.13%",
="2017.09.02","3.05%",
="2017.09.03","0.00%",
="2017.09.04","3.15%",
="2017.09.05","3.18%",
="2017.09.06","0.00%",
="2017.09.07","3.20%",
="2017.09.08","3.24%",
="2017.09.09","3.04%",
="2017.09.10","3.10%",
="2017.09.11","3.18%",
="2017.09.12","3.15%",
="2017.09.13","3.16%",
="2017.09.14","3.15%",
="2017.09.15","3.15%",
="2017.09.16","3.06%",
="2017.09.17","3.08%",
="2017.09.18","0.00%",
="2017.09.19","0.00%",
="2017.09.20","3.16%",
="2017.09.21","0.00%",
="2017.09.22","3.27%",
="2017.09.23","2.98%",
="2017.09.24","3.01%",
="2017.09.25","0.00%",
="2017.09.26","3.12%",
="2017.09.27","3.00%",
="2017.09.28","3.05%",
="2017.09.29","0.00%",
="2017.09.30","2.97%",

"福建省2017.07.01~2017.09.30浏览量占比"
时间,浏览量占比
="2017.07.01","0.00%",
="2017.07.02","3.84%",
="2017.07.03","0.00%",
="2017.07.04","0.00%",
="2017.07.05","0.00%",
="2017.07.06","0.00%",
="2017.07.07","3.75%",
="2017.07.08","0.00%",
="2017.07.09","0.00%",
="2017.07.10","0.00%",
="2017.07.11","0.00%",
="2017.07.12","0.00%",
="2017.07.13","0.00%",
="2017.07.14","0.00%",
="2017.07.15","0.00%",
="2017.07.16","0.00%",
="2017.07.17","0.00%",
="2017.07.18","0.00%",
="2017.07.19","0.00%",
="2017.07.20","0.00%",
="2017.07.21","0.00%",
="2017.07.22","3.86%",
="2017.07.23","0.00%",
="2017.07.24","3.65%",
="2017.07.25","0.00%",
="2017.07.26","3.53%",
="2017.07.27","0.00%",
="2017.07.28","0.00%",
="2017.07.29","0.00%",
="2017.07.30","0.00%",
="2017.07.31","0.00%",
="2017.08.01","0.00%",
="2017.08.02","0.00%",
="2017.08.03","0.00%",
="2017.08.04","0.00%",
="2017.08.05","3.05%",
="2017.08.06","0.00%",
="2017.08.07","0.00%",
="2017.08.08","0.00%",
="2017.08.09","0.00%",
="2017.08.10","0.00%",
="2017.08.11","0.00%",
="2017.08.12","0.00%",
="2017.08.13","0.00%",
="2017.08.14","0.00%",
="2017.08.15","0.00%",
="2017.08.16","0.00%",
="2017.08.17","0.00%",
="2017.08.18","0.00%",
="2017.08.19","2.84%",
="2017.08.20","0.00%",
="2017.08.21","0.00%",
="2017.08.22","0.00%",
="2017.08.23","0.00%",
="2017.08.24","2.86%",
="2017.08.25","2.84%",
="2017.08.26","2.83%",
="2017.08.27","2.76%",
="2017.08.28","2.82%",
="2017.08.29","0.00%",
="2017.08.30","0.00%",
="2017.08.31","2.90%",
="2017.09.01","3.19%",
="2017.09.02","3.47%",
="2017.09.03","0.00%",
="2017.09.04","3.20%",
="2017.09.05","3.25%",
="2017.09.06","0.00%",
="2017.09.07","3.07%",
="2017.09.08","2.73%",
="2017.09.09","2.76%",
="2017.09.10","2.69%",
="2017.09.11","2.74%",
="2017.09.12","2.83%",
="2017.09.13","2.76%",
="2017.09.14","2.81%",
="2017.09.15","2.76%",
="2017.09.16","2.81%",
="2017.09.17","2.82%",
="2017.09.18","0.00%",
="2017.09.19","0.00%",
="2017.09.20","2.73%",
="2017.09.21","0.00%",
="2017.09.22","2.73%",
="2017.09.23","2.80%",
="2017.09.24","2.74%",
="2017.09.25","0.00%",
="2017.09.26","2.73%",
="2017.09.27","2.73%",
="2017.09.28","2.85%",
="2017.09.29","0.00%",
="2017.09.30","2.73%",

"广西省2017.07.01~2017.09.30浏览量占比"
时间,浏览量占比
="2017.07.01","0.00%",
="2017.07.02","3.05%",
="2017.07.03","0.00%",
="2017.07.04","0.00%",
="2017.07.05","0.00%",
="2017.07.06","0.00%",
="2017.07.07","2.82%",
="2017.07.08","0.00%",
="2017.07.09","0.00%",
="2017.07.10","0.00%",
="2017.07.11","0.00%",
="2017.07.12","0.00%",
="2017.07.13","0.00%",
="2017.07.14","0.00%",
="2017.07.15","0.00%",
="2017.07.16","0.00%",
="2017.07.17","0.00%",
="2017.07.18","0.00%",
="2017.07.19","0.00%",
="2017.07.20","0.00%",
="2017.07.21","0.00%",
="2017.07.22","2.87%",
="2017.07.23","0.00%",
="2017.07.24","2.79%",
="2017.07.25","0.00%",
="2017.07.26","2.74%",
="2017.07.27","0.00%",
="2017.07.28","0.00%",
="2017.07.29","0.00%",
="2017.07.30","0.00%",
="2017.07.31","0.00%",
="2017.08.01","0.00%",
="2017.08.02","0.00%",
="2017.08.03","0.00%",
="2017.08.04","0.00%",
="2017.08.05","2.89%",
="2017.08.06","0.00%",
="2017.08.07","0.00%",
="2017.08.08","0.00%",
="2017.08.09","0.00%",
="2017.08.10","0.00%",
="2017.08.11","0.00%",
="2017.08.12","0.00%",
="2017.08.13","0.00%",
="2017.08.14","0.00%",
="2017.08.15","0.00%",
="2017.08.16","0.00%",
="2017.08.17","0.00%",
="2017.08.18","0.00%",
="2017.08.19","2.90%",
="2017.08.20","0.00%",
="2017.08.21","0.00%",
="2017.08.22","0.00%",
="2017.08.23","0.00%",
="2017.08.24","2.93%",
="2017.08.25","2.81%",
="2017.08.26","2.96%",
="2017.08.27","2.96%",
="2017.08.28","2.90%",
="2017.08.29","0.00%",
="2017.08.30","0.00%",
="2017.08.31","2.84%",
="2017.09.01","2.80%",
="2017.09.02","2.92%",
="2017.09.03","0.00%",
="2017.09.04","2.67%",
="2017.09.05","2.76%",
="2017.09.06","0.00%",
="2017.09.07","2.82%",
="2017.09.08","2.77%",
="2017.09.09","2.99%",
="2017.09.10","2.88%",
="2017.09.11","2.79%",
="2017.09.12","2.85%",
="2017.09.13","2.74%",
="2017.09.14","2.77%",
="2017.09.15","2.76%",
="2017.09.16","2.97%",
="2017.09.17","3.01%",
="2017.09.18","0.00%",
="2017.09.19","0.00%",
="2017.09.20","2.79%",
="2017.09.21","0.00%",
="2017.09.22","2.72%",
="2017.09.23","3.02%",
="2017.09.24","2.96%",
="2017.09.25","0.00%",
="2017.09.26","2.76%",
="2017.09.27","2.75%",
="2017.09.28","2.88%",
="2017.09.29","0.00%",
="2017.09.30","2.97%",

"江西省2017.07.01~2017.09.30浏览量占比"
时间,浏览量占比
="2017.07.01","0.00%",
="2017.07.02","2.81%",
="2017.07.03","0.00%",
="2017.07.04","0.00%",
="2017.07.05","0.00%",
="2017.07.06","0.00%",
="2017.07.07","2.51%",
="2017.07.08","0.00%",
="2017.07.09","0.00%",
="2017.07.10","0.00%",
="2017.07.11","0.00%",
="2017.07.12","0.00%",
="2017.07.13","0.00%",
="2017.07.14","0.00%",
="2017.07.15","0.00%",
="2017.07.16","0.00%",
="2017.07.17","0.00%",
="2017.07.18","0.00%",
="2017.07.19","0.00%",
="2017.07.20","0.00%",
="2017.07.21","0.00%",
="2017.07.22","2.62%",
="2017.07.23","0.00%",
="2017.07.24","2.56%",
="2017.07.25","0.00%",
="2017.07.26","2.57%",
="2017.07.27","0.00%",
="2017.07.28","0.00%",
="2017.07.29","0.00%",
="2017.07.30","0.00%",
="2017.07.31","0.00%",
="2017.08.01","0.00%",
="2017.08.02","0.00%",
="2017.08.03","0.00%",
="2017.08.04","0.00%",
="2017.08.05","2.73%",
="2017.08.06","0.00%",
="2017.08.07","0.00%",
="2017.08.08","0.00%",
="2017.08.09","0.00%",
="2017.08.10","0.00%",
="2017.08.11","0.00%",
="2017.08.12","0.00%",
="2017.08.13","0.00%",
="2017.08.14","0.00%",
="2017.08.15","0.00%",
="2017.08.16","0.00%",
="2017.08.17","0.00%",
="2017.08.18","0.00%",
="2017.08.19","2.74%",
="2017.08.20","0.00%",
="2017.08.21","0.00%",
="2017.08.22","0.00%",
="2017.08.23","0.00%",
="2017.08.24","2.75%",
="2017.08.25","2.76%",
="2017.08.26","2.74%",
="2017.08.27","2.72%",
="2017.08.28","2.78%",
="2017.08.29","0.00%",
="2017.08.30","0.00%",
="2017.08.31","2.82%",
="2017.09.01","2.81%",
="2017.09.02","2.75%",
="2017.09.03","0.00%",
="2017.09.04","2.56%",
="2017.09.05","2.62%",
="2017.09.06","0.00%",
="2017.09.07","2.59%",
="2017.09.08","2.65%",
="2017.09.09","2.81%",
="2017.09.10","2.79%",
="2017.09.11","2.57%",
="2017.09.12","2.57%",
="2017.09.13","2.55%",
="2017.09.14","2.51%",
="2017.09.15","2.58%",
="2017.09.16","2.79%",
="2017.09.17","2.79%",
="2017.09.18","0.00%",
="2017.09.19","0.00%",
="2017.09.20","2.68%",
="2017.09.21","0.00%",
="2017.09.22","2.57%",
="2017.09.23","2.78%",
="2017.09.24","2.76%",
="2017.09.25","0.00%",
="2017.09.26","2.57%",
="2017.09.27","2.63%",
="2017.09.28","2.76%",
="2017.09.29","0.00%",
="2017.09.30","2.77%",

"陕西省2017.07.01~2017.09.30浏览量占比"
时间,浏览量占比
="2017.07.01","0.00%",
="2017.07.02","2.38%",
="2017.07.03","0.00%",
="2017.07.04","0.00%",
="2017.07.05","0.00%",
="2017.07.06","0.00%",
="2017.07.07","2.42%",
="2017.07.08","0.00%",
="2017.07.09","0.00%",
="2017.07.10","0.00%",
="2017.07.11","0.00%",
="2017.07.12","0.00%",
="2017.07.13","0.00%",
="2017.07.14","0.00%",
="2017.07.15","0.00%",
="2017.07.16","0.00%",
="2017.07.17","0.00%",
="2017.07.18","0.00%",
="2017.07.19","0.00%",
="2017.07.20","0.00%",
="2017.07.21","0.00%",
="2017.07.22","2.30%",
="2017.07.23","0.00%",
="2017.07.24","2.38%",
="2017.07.25","0.00%",
="2017.07.26","2.40%",
="2017.07.27","0.00%",
="2017.07.28","0.00%",
="2017.07.29","0.00%",
="2017.07.30","0.00%",
="2017.07.31","0.00%",
="2017.08.01","0.00%",
="2017.08.02","0.00%",
="2017.08.03","0.00%",
="2017.08.04","0.00%",
="2017.08.05","2.38%",
="2017.08.06","0.00%",
="2017.08.07","0.00%",
="2017.08.08","0.00%",
="2017.08.09","0.00%",
="2017.08.10","0.00%",
="2017.08.11","0.00%",
="2017.08.12","0.00%",
="2017.08.13","0.00%",
="2017.08.14","0.00%",
="2017.08.15","0.00%",
="2017.08.16","0.00%",
="2017.08.17","0.00%",
="2017.08.18","0.00%",
="2017.08.19","2.42%",
="2017.08.20","0.00%",
="2017.08.21","0.00%",
="2017.08.22","0.00%",
="2017.08.23","0.00%",
="2017.08.24","2.36%",
="2017.08.25","2.47%",
="2017.08.26","2.45%",
="2017.08.27","2.38%",
="2017.08.28","2.51%",
="2017.08.29","0.00%",
="2017.08.30","0.00%",
="2017.08.31","2.41%",
="2017.09.01","2.50%",
="2017.09.02","2.42%",
="2017.09.03","0.00%",
="2017.09.04","2.61%",
="2017.09.05","2.67%",
="2017.09.06","0.00%",
="2017.09.07","2.51%",
="2017.09.08","2.60%",
="2017.09.09","2.70%",
="2017.09.10","2.46%",
="2017.09.11","2.51%",
="2017.09.12","2.51%",
="2017.09.13","2.52%",
="2017.09.14","2.51%",
="2017.09.15","2.56%",
="2017.09.16","2.65%",
="2017.09.17","2.49%",
="2017.09.18","0.00%",
="2017.09.19","0.00%",
="2017.09.20","2.52%",
="2017.09.21","0.00%",
="2017.09.22","2.55%",
="2017.09.23","2.47%",
="2017.09.24","2.50%",
="2017.09.25","0.00%",
="2017.09.26","2.63%",
="2017.09.27","2.70%",
="2017.09.28","2.50%",
="2017.09.29","0.00%",
="2017.09.30","2.53%",

"山西省2017.07.01~2017.09.30浏览量占比"
时间,浏览量占比
="2017.07.01","0.00%",
="2017.07.02","2.34%",
="2017.07.03","0.00%",
="2017.07.04","0.00%",
="2017.07.05","0.00%",
="2017.07.06","0.00%",
="2017.07.07","2.36%",
="2017.07.08","0.00%",
="2017.07.09","0.00%",
="2017.07.10","0.00%",
="2017.07.11","0.00%",
="2017.07.12","0.00%",
="2017.07.13","0.00%",
="2017.07.14","0.00%",
="2017.07.15","0.00%",
="2017.07.16","0.00%",
="2017.07.17","0.00%",
="2017.07.18","0.00%",
="2017.07.19","0.00%",
="2017.07.20","0.00%",
="2017.07.21","0.00%",
="2017.07.22","2.46%",
="2017.07.23","0.00%",
="2017.07.24","2.45%",
="2017.07.25","0.00%",
="2017.07.26","2.50%",
="2017.07.27","0.00%",
="2017.07.28","0.00%",
="2017.07.29","0.00%",
="2017.07.30","0.00%",
="2017.07.31","0.00%",
="2017.08.01","0.00%",
="2017.08.02","0.00%",
="2017.08.03","0.00%",
="2017.08.04","0.00%",
="2017.08.05","2.54%",
="2017.08.06","0.00%",
="2017.08.07","0.00%",
="2017.08.08","0.00%",
="2017.08.09","0.00%",
="2017.08.10","0.00%",
="2017.08.11","0.00%",
="2017.08.12","0.00%",
="2017.08.13","0.00%",
="2017.08.14","0.00%",
="2017.08.15","0.00%",
="2017.08.16","0.00%",
="2017.08.17","0.00%",
="2017.08.18","0.00%",
="2017.08.19","2.56%",
="2017.08.20","0.00%",
="2017.08.21","0.00%",
="2017.08.22","0.00%",
="2017.08.23","0.00%",
="2017.08.24","2.41%",
="2017.08.25","2.45%",
="2017.08.26","2.69%",
="2017.08.27","2.65%",
="2017.08.28","2.50%",
="2017.08.29","0.00%",
="2017.08.30","0.00%",
="2017.08.31","2.44%",
="2017.09.01","2.39%",
="2017.09.02","2.46%",
="2017.09.03","0.00%",
="2017.09.04","2.34%",
="2017.09.05","2.38%",
="2017.09.06","0.00%",
="2017.09.07","2.36%",
="2017.09.08","2.49%",
="2017.09.09","2.58%",
="2017.09.10","2.52%",
="2017.09.11","2.38%",
="2017.09.12","2.37%",
="2017.09.13","2.38%",
="2017.09.14","2.38%",
="2017.09.15","2.48%",
="2017.09.16","2.64%",
="2017.09.17","2.58%",
="2017.09.18","0.00%",
="2017.09.19","0.00%",
="2017.09.20","2.43%",
="2017.09.21","0.00%",
="2017.09.22","2.51%",
="2017.09.23","2.66%",
="2017.09.24","2.65%",
="2017.09.25","0.00%",
="2017.09.26","2.46%",
="2017.09.27","2.48%",
="2017.09.28","2.40%",
="2017.09.29","0.00%",
="2017.09.30","2.57%",

"云南省2017.07.01~2017.09.30浏览量占比"
时间,浏览量占比
="2017.07.01","0.00%",
="2017.07.02","2.03%",
="2017.07.03","0.00%",
="2017.07.04","0.00%",
="2017.07.05","0.00%",
="2017.07.06","0.00%",
="2017.07.07","2.00%",
="2017.07.08","0.00%",
="2017.07.09","0.00%",
="2017.07.10","0.00%",
="2017.07.11","0.00%",
="2017.07.12","0.00%",
="2017.07.13","0.00%",
="2017.07.14","0.00%",
="2017.07.15","0.00%",
="2017.07.16","0.00%",
="2017.07.17","0.00%",
="2017.07.18","0.00%",
="2017.07.19","0.00%",
="2017.07.20","0.00%",
="2017.07.21","0.00%",
="2017.07.22","2.09%",
="2017.07.23","0.00%",
="2017.07.24","1.97%",
="2017.07.25","0.00%",
="2017.07.26","1.91%",
="2017.07.27","0.00%",
="2017.07.28","0.00%",
="2017.07.29","0.00%",
="2017.07.30","0.00%",
="2017.07.31","0.00%",
="2017.08.01","0.00%",
="2017.08.02","0.00%",
="2017.08.03","0.00%",
="2017.08.04","0.00%",
="2017.08.05","2.02%",
="2017.08.06","0.00%",
="2017.08.07","0.00%",
="2017.08.08","0.00%",
="2017.08.09","0.00%",
="2017.08.10","0.00%",
="2017.08.11","0.00%",
="2017.08.12","0.00%",
="2017.08.13","0.00%",
="2017.08.14","0.00%",
="2017.08.15","0.00%",
="2017.08.16","0.00%",
="2017.08.17","0.00%",
="2017.08.18","0.00%",
="2017.08.19","1.94%",
="2017.08.20","0.00%",
="2017.08.21","0.00%",
="2017.08.22","0.00%",
="2017.08.23","0.00%",
="2017.08.24","2.02%",
="2017.08.25","2.04%",
="2017.08.26","2.00%",
="2017.08.27","1.93%",
="2017.08.28","1.95%",
="2017.08.29","0.00%",
="2017.08.30","0.00%",
="2017.08.31","1.99%",
="2017.09.01","2.06%",
="2017.09.02","2.00%",
="2017.09.03","0.00%",
="2017.09.04","2.01%",
="2017.09.05","2.03%",
="2017.09.06","0.00%",
="2017.09.07","2.10%",
="2017.09.08","2.15%",
="2017.09.09","2.06%",
="2017.09.10","2.12%",
="2017.09.11","2.08%",
="2017.09.12","2.08%",
="2017.09.13","2.12%",
="2017.09.14","2.14%",
="2017.09.15","2.14%",
="2017.09.16","2.15%",
="2017.09.17","2.14%",
="2017.09.18","0.00%",
="2017.09.19","0.00%",
="2017.09.20","2.23%",
="2017.09.21","0.00%",
="2017.09.22","2.22%",
="2017.09.23","2.18%",
="2017.09.24","2.21%",
="2017.09.25","0.00%",
="2017.09.26","2.15%",
="2017.09.27","2.15%",
="2017.09.28","2.18%",
="2017.09.29","0.00%",
="2017.09.30","2.11%",

"黑龙江省2017.07.01~2017.09.30浏览量占比"
时间,浏览量占比
="2017.07.01","0.00%",
="2017.07.02","2.06%",
="2017.07.03","0.00%",
="2017.07.04","0.00%",
="2017.07.05","0.00%",
="2017.07.06","0.00%",
="2017.07.07","1.97%",
="2017.07.08","0.00%",
="2017.07.09","0.00%",
="2017.07.10","0.00%",
="2017.07.11","0.00%",
="2017.07.12","0.00%",
="2017.07.13","0.00%",
="2017.07.14","0.00%",
="2017.07.15","0.00%",
="2017.07.16","0.00%",
="2017.07.17","0.00%",
="2017.07.18","0.00%",
="2017.07.19","0.00%",
="2017.07.20","0.00%",
="2017.07.21","0.00%",
="2017.07.22","1.94%",
="2017.07.23","0.00%",
="2017.07.24","1.93%",
="2017.07.25","0.00%",
="2017.07.26","2.04%",
="2017.07.27","0.00%",
="2017.07.28","0.00%",
="2017.07.29","0.00%",
="2017.07.30","0.00%",
="2017.07.31","0.00%",
="2017.08.01","0.00%",
="2017.08.02","0.00%",
="2017.08.03","0.00%",
="2017.08.04","0.00%",
="2017.08.05","1.99%",
="2017.08.06","0.00%",
="2017.08.07","0.00%",
="2017.08.08","0.00%",
="2017.08.09","0.00%",
="2017.08.10","0.00%",
="2017.08.11","0.00%",
="2017.08.12","0.00%",
="2017.08.13","0.00%",
="2017.08.14","0.00%",
="2017.08.15","0.00%",
="2017.08.16","0.00%",
="2017.08.17","0.00%",
="2017.08.18","0.00%",
="2017.08.19","1.96%",
="2017.08.20","0.00%",
="2017.08.21","0.00%",
="2017.08.22","0.00%",
="2017.08.23","0.00%",
="2017.08.24","2.02%",
="2017.08.25","2.03%",
="2017.08.26","2.10%",
="2017.08.27","2.04%",
="2017.08.28","1.99%",
="2017.08.29","0.00%",
="2017.08.30","0.00%",
="2017.08.31","2.05%",
="2017.09.01","2.06%",
="2017.09.02","2.04%",
="2017.09.03","0.00%",
="2017.09.04","2.08%",
="2017.09.05","2.18%",
="2017.09.06","0.00%",
="2017.09.07","2.06%",
="2017.09.08","2.05%",
="2017.09.09","1.95%",
="2017.09.10","2.00%",
="2017.09.11","2.12%",
="2017.09.12","2.11%",
="2017.09.13","2.13%",
="2017.09.14","2.10%",
="2017.09.15","2.10%",
="2017.09.16","2.10%",
="2017.09.17","2.17%",
="2017.09.18","0.00%",
="2017.09.19","0.00%",
="2017.09.20","2.08%",
="2017.09.21","0.00%",
="2017.09.22","2.16%",
="2017.09.23","1.99%",
="2017.09.24","1.97%",
="2017.09.25","0.00%",
="2017.09.26","2.17%",
="2017.09.27","2.10%",
="2017.09.28","2.07%",
="2017.09.29","0.00%",
="2017.09.30","2.00%",

"重庆省2017.07.01~2017.09.30浏览量占比"
时间,浏览量占比
="2017.07.01","0.00%",
="2017.07.02","1.72%",
="2017.07.03","0.00%",
="2017.07.04","0.00%",
="2017.07.05","0.00%",
="2017.07.06","0.00%",
="2017.07.07","1.66%",
="2017.07.08","0.00%",
="2017.07.09","0.00%",
="2017.07.10","0.00%",
="2017.07.11","0.00%",
="2017.07.12","0.00%",
="2017.07.13","0.00%",
="2017.07.14","0.00%",
="2017.07.15","0.00%",
="2017.07.16","0.00%",
="2017.07.17","0.00%",
="2017.07.18","0.00%",
="2017.07.19","0.00%",
="2017.07.20","0.00%",
="2017.07.21","0.00%",
="2017.07.22","1.73%",
="2017.07.23","0.00%",
="2017.07.24","1.80%",
="2017.07.25","0.00%",
="2017.07.26","1.78%",
="2017.07.27","0.00%",
="2017.07.28","0.00%",
="2017.07.29","0.00%",
="2017.07.30","0.00%",
="2017.07.31","0.00%",
="2017.08.01","0.00%",
="2017.08.02","0.00%",
="2017.08.03","0.00%",
="2017.08.04","0.00%",
="2017.08.05","1.74%",
="2017.08.06","0.00%",
="2017.08.07","0.00%",
="2017.08.08","0.00%",
="2017.08.09","0.00%",
="2017.08.10","0.00%",
="2017.08.11","0.00%",
="2017.08.12","0.00%",
="2017.08.13","0.00%",
="2017.08.14","0.00%",
="2017.08.15","0.00%",
="2017.08.16","0.00%",
="2017.08.17","0.00%",
="2017.08.18","0.00%",
="2017.08.19","1.81%",
="2017.08.20","0.00%",
="2017.08.21","0.00%",
="2017.08.22","0.00%",
="2017.08.23","0.00%",
="2017.08.24","1.87%",
="2017.08.25","1.90%",
="2017.08.26","1.81%",
="2017.08.27","1.82%",
="2017.08.28","1.91%",
="2017.08.29","0.00%",
="2017.08.30","0.00%",
="2017.08.31","1.86%",
="2017.09.01","1.85%",
="2017.09.02","1.88%",
="2017.09.03","0.00%",
="2017.09.04","1.83%",
="2017.09.05","1.82%",
="2017.09.06","0.00%",
="2017.09.07","1.81%",
="2017.09.08","1.84%",
="2017.09.09","1.86%",
="2017.09.10","1.81%",
="2017.09.11","1.83%",
="2017.09.12","1.82%",
="2017.09.13","1.84%",
="2017.09.14","1.83%",
="2017.09.15","1.83%",
="2017.09.16","1.85%",
="2017.09.17","1.83%",
="2017.09.18","0.00%",
="2017.09.19","0.00%",
="2017.09.20","1.87%",
="2017.09.21","0.00%",
="2017.09.22","1.88%",
="2017.09.23","1.90%",
="2017.09.24","1.87%",
="2017.09.25","0.00%",
="2017.09.26","1.94%",
="2017.09.27","2.02%",
="2017.09.28","2.00%",
="2017.09.29","0.00%",
="2017.09.30","2.02%",

"吉林省2017.07.01~2017.09.30浏览量占比"
时间,浏览量占比
="2017.07.01","0.00%",
="2017.07.02","1.59%",
="2017.07.03","0.00%",
="2017.07.04","0.00%",
="2017.07.05","0.00%",
="2017.07.06","0.00%",
="2017.07.07","1.54%",
="2017.07.08","0.00%",
="2017.07.09","0.00%",
="2017.07.10","0.00%",
="2017.07.11","0.00%",
="2017.07.12","0.00%",
="2017.07.13","0.00%",
="2017.07.14","0.00%",
="2017.07.15","0.00%",
="2017.07.16","0.00%",
="2017.07.17","0.00%",
="2017.07.18","0.00%",
="2017.07.19","0.00%",
="2017.07.20","0.00%",
="2017.07.21","0.00%",
="2017.07.22","1.52%",
="2017.07.23","0.00%",
="2017.07.24","1.50%",
="2017.07.25","0.00%",
="2017.07.26","1.50%",
="2017.07.27","0.00%",
="2017.07.28","0.00%",
="2017.07.29","0.00%",
="2017.07.30","0.00%",
="2017.07.31","0.00%",
="2017.08.01","0.00%",
="2017.08.02","0.00%",
="2017.08.03","0.00%",
="2017.08.04","0.00%",
="2017.08.05","1.56%",
="2017.08.06","0.00%",
="2017.08.07","0.00%",
="2017.08.08","0.00%",
="2017.08.09","0.00%",
="2017.08.10","0.00%",
="2017.08.11","0.00%",
="2017.08.12","0.00%",
="2017.08.13","0.00%",
="2017.08.14","0.00%",
="2017.08.15","0.00%",
="2017.08.16","0.00%",
="2017.08.17","0.00%",
="2017.08.18","0.00%",
="2017.08.19","1.54%",
="2017.08.20","0.00%",
="2017.08.21","0.00%",
="2017.08.22","0.00%",
="2017.08.23","0.00%",
="2017.08.24","1.43%",
="2017.08.25","1.44%",
="2017.08.26","1.53%",
="2017.08.27","1.55%",
="2017.08.28","1.46%",
="2017.08.29","0.00%",
="2017.08.30","0.00%",
="2017.08.31","1.48%",
="2017.09.01","1.58%",
="2017.09.02","1.56%",
="2017.09.03","0.00%",
="2017.09.04","1.65%",
="2017.09.05","1.68%",
="2017.09.06","0.00%",
="2017.09.07","1.64%",
="2017.09.08","1.63%",
="2017.09.09","1.56%",
="2017.09.10","1.60%",
="2017.09.11","1.62%",
="2017.09.12","1.61%",
="2017.09.13","1.61%",
="2017.09.14","1.59%",
="2017.09.15","1.61%",
="2017.09.16","1.61%",
="2017.09.17","1.63%",
="2017.09.18","0.00%",
="2017.09.19","0.00%",
="2017.09.20","1.65%",
="2017.09.21","0.00%",
="2017.09.22","1.72%",
="2017.09.23","1.61%",
="2017.09.24","1.64%",
="2017.09.25","0.00%",
="2017.09.26","1.71%",
="2017.09.27","1.61%",
="2017.09.28","1.63%",
="2017.09.29","0.00%",
="2017.09.30","1.57%",

"贵州省2017.07.01~2017.09.30浏览量占比"
时间,浏览量占比
="2017.07.01","0.00%",
="2017.07.02","1.71%",
="2017.07.03","0.00%",
="2017.07.04","0.00%",
="2017.07.05","0.00%",
="2017.07.06","0.00%",
="2017.07.07","1.91%",
="2017.07.08","0.00%",
="2017.07.09","0.00%",
="2017.07.10","0.00%",
="2017.07.11","0.00%",
="2017.07.12","0.00%",
="2017.07.13","0.00%",
="2017.07.14","0.00%",
="2017.07.15","0.00%",
="2017.07.16","0.00%",
="2017.07.17","0.00%",
="2017.07.18","0.00%",
="2017.07.19","0.00%",
="2017.07.20","0.00%",
="2017.07.21","0.00%",
="2017.07.22","1.71%",
="2017.07.23","0.00%",
="2017.07.24","1.71%",
="2017.07.25","0.00%",
="2017.07.26","1.73%",
="2017.07.27","0.00%",
="2017.07.28","0.00%",
="2017.07.29","0.00%",
="2017.07.30","0.00%",
="2017.07.31","0.00%",
="2017.08.01","0.00%",
="2017.08.02","0.00%",
="2017.08.03","0.00%",
="2017.08.04","0.00%",
="2017.08.05","1.79%",
="2017.08.06","0.00%",
="2017.08.07","0.00%",
="2017.08.08","0.00%",
="2017.08.09","0.00%",
="2017.08.10","0.00%",
="2017.08.11","0.00%",
="2017.08.12","0.00%",
="2017.08.13","0.00%",
="2017.08.14","0.00%",
="2017.08.15","0.00%",
="2017.08.16","0.00%",
="2017.08.17","0.00%",
="2017.08.18","0.00%",
="2017.08.19","1.71%",
="2017.08.20","0.00%",
="2017.08.21","0.00%",
="2017.08.22","0.00%",
="2017.08.23","0.00%",
="2017.08.24","1.72%",
="2017.08.25","1.66%",
="2017.08.26","1.75%",
="2017.08.27","1.68%",
="2017.08.28","1.59%",
="2017.08.29","0.00%",
="2017.08.30","0.00%",
="2017.08.31","1.59%",
="2017.09.01","1.68%",
="2017.09.02","1.73%",
="2017.09.03","0.00%",
="2017.09.04","1.65%",
="2017.09.05","1.69%",
="2017.09.06","0.00%",
="2017.09.07","1.52%",
="2017.09.08","1.27%",
="2017.09.09","1.24%",
="2017.09.10","1.28%",
="2017.09.11","1.22%",
="2017.09.12","1.23%",
="2017.09.13","1.25%",
="2017.09.14","1.23%",
="2017.09.15","1.24%",
="2017.09.16","1.23%",
="2017.09.17","1.22%",
="2017.09.18","0.00%",
="2017.09.19","0.00%",
="2017.09.20","1.23%",
="2017.09.21","0.00%",
="2017.09.22","1.22%",
="2017.09.23","1.23%",
="2017.09.24","1.23%",
="2017.09.25","0.00%",
="2017.09.26","1.19%",
="2017.09.27","1.20%",
="2017.09.28","1.28%",
="2017.09.29","0.00%",
="2017.09.30","1.24%",

"内蒙古省2017.07.01~2017.09.30浏览量占比"
时间,浏览量占比
="2017.07.01","0.00%",
="2017.07.02","1.31%",
="2017.07.03","0.00%",
="2017.07.04","0.00%",
="2017.07.05","0.00%",
="2017.07.06","0.00%",
="2017.07.07","1.33%",
="2017.07.08","0.00%",
="2017.07.09","0.00%",
="2017.07.10","0.00%",
="2017.07.11","0.00%",
="2017.07.12","0.00%",
="2017.07.13","0.00%",
="2017.07.14","0.00%",
="2017.07.15","0.00%",
="2017.07.16","0.00%",
="2017.07.17","0.00%",
="2017.07.18","0.00%",
="2017.07.19","0.00%",
="2017.07.20","0.00%",
="2017.07.21","0.00%",
="2017.07.22","1.35%",
="2017.07.23","0.00%",
="2017.07.24","1.34%",
="2017.07.25","0.00%",
="2017.07.26","1.36%",
="2017.07.27","0.00%",
="2017.07.28","0.00%",
="2017.07.29","0.00%",
="2017.07.30","0.00%",
="2017.07.31","0.00%",
="2017.08.01","0.00%",
="2017.08.02","0.00%",
="2017.08.03","0.00%",
="2017.08.04","0.00%",
="2017.08.05","1.35%",
="2017.08.06","0.00%",
="2017.08.07","0.00%",
="2017.08.08","0.00%",
="2017.08.09","0.00%",
="2017.08.10","0.00%",
="2017.08.11","0.00%",
="2017.08.12","0.00%",
="2017.08.13","0.00%",
="2017.08.14","0.00%",
="2017.08.15","0.00%",
="2017.08.16","0.00%",
="2017.08.17","0.00%",
="2017.08.18","0.00%",
="2017.08.19","1.36%",
="2017.08.20","0.00%",
="2017.08.21","0.00%",
="2017.08.22","0.00%",
="2017.08.23","0.00%",
="2017.08.24","1.33%",
="2017.08.25","1.33%",
="2017.08.26","1.37%",
="2017.08.27","1.41%",
="2017.08.28","1.33%",
="2017.08.29","0.00%",
="2017.08.30","0.00%",
="2017.08.31","1.38%",
="2017.09.01","1.39%",
="2017.09.02","1.37%",
="2017.09.03","0.00%",
="2017.09.04","1.38%",
="2017.09.05","1.36%",
="2017.09.06","0.00%",
="2017.09.07","1.42%",
="2017.09.08","1.41%",
="2017.09.09","1.39%",
="2017.09.10","1.42%",
="2017.09.11","1.41%",
="2017.09.12","1.40%",
="2017.09.13","1.41%",
="2017.09.14","1.42%",
="2017.09.15","1.43%",
="2017.09.16","1.45%",
="2017.09.17","1.45%",
="2017.09.18","0.00%",
="2017.09.19","0.00%",
="2017.09.20","1.40%",
="2017.09.21","0.00%",
="2017.09.22","1.43%",
="2017.09.23","1.43%",
="2017.09.24","1.45%",
="2017.09.25","0.00%",
="2017.09.26","1.42%",
="2017.09.27","1.41%",
="2017.09.28","1.42%",
="2017.09.29","0.00%",
="2017.09.30","1.42%",

"甘肃省2017.07.01~2017.09.30浏览量占比"
时间,浏览量占比
="2017.07.01","0.00%",
="2017.07.02","1.09%",
="2017.07.03","0.00%",
="2017.07.04","0.00%",
="2017.07.05","0.00%",
="2017.07.06","0.00%",
="2017.07.07","1.06%",
="2017.07.08","0.00%",
="2017.07.09","0.00%",
="2017.07.10","0.00%",
="2017.07.11","0.00%",
="2017.07.12","0.00%",
="2017.07.13","0.00%",
="2017.07.14","0.00%",
="2017.07.15","0.00%",
="2017.07.16","0.00%",
="2017.07.17","0.00%",
="2017.07.18","0.00%",
="2017.07.19","0.00%",
="2017.07.20","0.00%",
="2017.07.21","0.00%",
="2017.07.22","1.09%",
="2017.07.23","0.00%",
="2017.07.24","1.10%",
="2017.07.25","0.00%",
="2017.07.26","1.14%",
="2017.07.27","0.00%",
="2017.07.28","0.00%",
="2017.07.29","0.00%",
="2017.07.30","0.00%",
="2017.07.31","0.00%",
="2017.08.01","0.00%",
="2017.08.02","0.00%",
="2017.08.03","0.00%",
="2017.08.04","0.00%",
="2017.08.05","1.13%",
="2017.08.06","0.00%",
="2017.08.07","0.00%",
="2017.08.08","0.00%",
="2017.08.09","0.00%",
="2017.08.10","0.00%",
="2017.08.11","0.00%",
="2017.08.12","0.00%",
="2017.08.13","0.00%",
="2017.08.14","0.00%",
="2017.08.15","0.00%",
="2017.08.16","0.00%",
="2017.08.17","0.00%",
="2017.08.18","0.00%",
="2017.08.19","1.19%",
="2017.08.20","0.00%",
="2017.08.21","0.00%",
="2017.08.22","0.00%",
="2017.08.23","0.00%",
="2017.08.24","1.12%",
="2017.08.25","1.16%",
="2017.08.26","1.18%",
="2017.08.27","1.21%",
="2017.08.28","1.08%",
="2017.08.29","0.00%",
="2017.08.30","0.00%",
="2017.08.31","1.07%",
="2017.09.01","1.15%",
="2017.09.02","1.14%",
="2017.09.03","0.00%",
="2017.09.04","1.21%",
="2017.09.05","1.17%",
="2017.09.06","0.00%",
="2017.09.07","1.15%",
="2017.09.08","1.17%",
="2017.09.09","1.22%",
="2017.09.10","1.15%",
="2017.09.11","1.16%",
="2017.09.12","1.17%",
="2017.09.13","1.20%",
="2017.09.14","1.22%",
="2017.09.15","1.19%",
="2017.09.16","1.21%",
="2017.09.17","1.21%",
="2017.09.18","0.00%",
="2017.09.19","0.00%",
="2017.09.20","1.16%",
="2017.09.21","0.00%",
="2017.09.22","1.21%",
="2017.09.23","1.21%",
="2017.09.24","1.24%",
="2017.09.25","0.00%",
="2017.09.26","1.21%",
="2017.09.27","1.18%",
="2017.09.28","1.16%",
="2017.09.29","0.00%",
="2017.09.30","1.17%",

"天津省2017.07.01~2017.09.30浏览量占比"
时间,浏览量占比
="2017.07.01","0.00%",
="2017.07.02","1.12%",
="2017.07.03","0.00%",
="2017.07.04","0.00%",
="2017.07.05","0.00%",
="2017.07.06","0.00%",
="2017.07.07","1.13%",
="2017.07.08","0.00%",
="2017.07.09","0.00%",
="2017.07.10","0.00%",
="2017.07.11","0.00%",
="2017.07.12","0.00%",
="2017.07.13","0.00%",
="2017.07.14","0.00%",
="2017.07.15","0.00%",
="2017.07.16","0.00%",
="2017.07.17","0.00%",
="2017.07.18","0.00%",
="2017.07.19","0.00%",
="2017.07.20","0.00%",
="2017.07.21","0.00%",
="2017.07.22","1.07%",
="2017.07.23","0.00%",
="2017.07.24","1.11%",
="2017.07.25","0.00%",
="2017.07.26","1.06%",
="2017.07.27","0.00%",
="2017.07.28","0.00%",
="2017.07.29","0.00%",
="2017.07.30","0.00%",
="2017.07.31","0.00%",
="2017.08.01","0.00%",
="2017.08.02","0.00%",
="2017.08.03","0.00%",
="2017.08.04","0.00%",
="2017.08.05","0.99%",
="2017.08.06","0.00%",
="2017.08.07","0.00%",
="2017.08.08","0.00%",
="2017.08.09","0.00%",
="2017.08.10","0.00%",
="2017.08.11","0.00%",
="2017.08.12","0.00%",
="2017.08.13","0.00%",
="2017.08.14","0.00%",
="2017.08.15","0.00%",
="2017.08.16","0.00%",
="2017.08.17","0.00%",
="2017.08.18","0.00%",
="2017.08.19","1.05%",
="2017.08.20","0.00%",
="2017.08.21","0.00%",
="2017.08.22","0.00%",
="2017.08.23","0.00%",
="2017.08.24","1.09%",
="2017.08.25","1.05%",
="2017.08.26","1.04%",
="2017.08.27","1.11%",
="2017.08.28","1.01%",
="2017.08.29","0.00%",
="2017.08.30","0.00%",
="2017.08.31","1.07%",
="2017.09.01","1.11%",
="2017.09.02","1.07%",
="2017.09.03","0.00%",
="2017.09.04","1.13%",
="2017.09.05","1.14%",
="2017.09.06","0.00%",
="2017.09.07","1.25%",
="2017.09.08","1.24%",
="2017.09.09","1.18%",
="2017.09.10","1.20%",
="2017.09.11","1.27%",
="2017.09.12","1.27%",
="2017.09.13","1.28%",
="2017.09.14","1.26%",
="2017.09.15","1.24%",
="2017.09.16","1.19%",
="2017.09.17","1.21%",
="2017.09.18","0.00%",
="2017.09.19","0.00%",
="2017.09.20","1.25%",
="2017.09.21","0.00%",
="2017.09.22","1.24%",
="2017.09.23","1.15%",
="2017.09.24","1.18%",
="2017.09.25","0.00%",
="2017.09.26","1.29%",
="2017.09.27","1.25%",
="2017.09.28","1.23%",
="2017.09.29","0.00%",
="2017.09.30","1.19%",

"新疆省2017.07.01~2017.09.30浏览量占比"
时间,浏览量占比
="2017.07.01","0.00%",
="2017.07.02","0.92%",
="2017.07.03","0.00%",
="2017.07.04","0.00%",
="2017.07.05","0.00%",
="2017.07.06","0.00%",
="2017.07.07","0.94%",
="2017.07.08","0.00%",
="2017.07.09","0.00%",
="2017.07.10","0.00%",
="2017.07.11","0.00%",
="2017.07.12","0.00%",
="2017.07.13","0.00%",
="2017.07.14","0.00%",
="2017.07.15","0.00%",
="2017.07.16","0.00%",
="2017.07.17","0.00%",
="2017.07.18","0.00%",
="2017.07.19","0.00%",
="2017.07.20","0.00%",
="2017.07.21","0.00%",
="2017.07.22","0.92%",
="2017.07.23","0.00%",
="2017.07.24","0.92%",
="2017.07.25","0.00%",
="2017.07.26","0.91%",
="2017.07.27","0.00%",
="2017.07.28","0.00%",
="2017.07.29","0.00%",
="2017.07.30","0.00%",
="2017.07.31","0.00%",
="2017.08.01","0.00%",
="2017.08.02","0.00%",
="2017.08.03","0.00%",
="2017.08.04","0.00%",
="2017.08.05","0.92%",
="2017.08.06","0.00%",
="2017.08.07","0.00%",
="2017.08.08","0.00%",
="2017.08.09","0.00%",
="2017.08.10","0.00%",
="2017.08.11","0.00%",
="2017.08.12","0.00%",
="2017.08.13","0.00%",
="2017.08.14","0.00%",
="2017.08.15","0.00%",
="2017.08.16","0.00%",
="2017.08.17","0.00%",
="2017.08.18","0.00%",
="2017.08.19","0.94%",
="2017.08.20","0.00%",
="2017.08.21","0.00%",
="2017.08.22","0.00%",
="2017.08.23","0.00%",
="2017.08.24","0.97%",
="2017.08.25","0.95%",
="2017.08.26","0.95%",
="2017.08.27","0.96%",
="2017.08.28","0.87%",
="2017.08.29","0.00%",
="2017.08.30","0.00%",
="2017.08.31","0.87%",
="2017.09.01","0.91%",
="2017.09.02","0.89%",
="2017.09.03","0.00%",
="2017.09.04","0.96%",
="2017.09.05","0.96%",
="2017.09.06","0.00%",
="2017.09.07","0.99%",
="2017.09.08","1.00%",
="2017.09.09","0.97%",
="2017.09.10","1.00%",
="2017.09.11","0.96%",
="2017.09.12","0.96%",
="2017.09.13","0.96%",
="2017.09.14","0.93%",
="2017.09.15","0.86%",
="2017.09.16","0.78%",
="2017.09.17","0.81%",
="2017.09.18","0.00%",
="2017.09.19","0.00%",
="2017.09.20","0.84%",
="2017.09.21","0.00%",
="2017.09.22","0.84%",
="2017.09.23","0.85%",
="2017.09.24","0.90%",
="2017.09.25","0.00%",
="2017.09.26","0.79%",
="2017.09.27","0.80%",
="2017.09.28","0.81%",
="2017.09.29","0.00%",
="2017.09.30","0.83%",

"海南省2017.07.01~2017.09.30浏览量占比"
时间,浏览量占比
="2017.07.01","0.00%",
="2017.07.02","0.61%",
="2017.07.03","0.00%",
="2017.07.04","0.00%",
="2017.07.05","0.00%",
="2017.07.06","0.00%",
="2017.07.07","0.64%",
="2017.07.08","0.00%",
="2017.07.09","0.00%",
="2017.07.10","0.00%",
="2017.07.11","0.00%",
="2017.07.12","0.00%",
="2017.07.13","0.00%",
="2017.07.14","0.00%",
="2017.07.15","0.00%",
="2017.07.16","0.00%",
="2017.07.17","0.00%",
="2017.07.18","0.00%",
="2017.07.19","0.00%",
="2017.07.20","0.00%",
="2017.07.21","0.00%",
="2017.07.22","0.66%",
="2017.07.23","0.00%",
="2017.07.24","0.65%",
="2017.07.25","0.00%",
="2017.07.26","0.62%",
="2017.07.27","0.00%",
="2017.07.28","0.00%",
="2017.07.29","0.00%",
="2017.07.30","0.00%",
="2017.07.31","0.00%",
="2017.08.01","0.00%",
="2017.08.02","0.00%",
="2017.08.03","0.00%",
="2017.08.04","0.00%",
="2017.08.05","0.63%",
="2017.08.06","0.00%",
="2017.08.07","0.00%",
="2017.08.08","0.00%",
="2017.08.09","0.00%",
="2017.08.10","0.00%",
="2017.08.11","0.00%",
="2017.08.12","0.00%",
="2017.08.13","0.00%",
="2017.08.14","0.00%",
="2017.08.15","0.00%",
="2017.08.16","0.00%",
="2017.08.17","0.00%",
="2017.08.18","0.00%",
="2017.08.19","0.61%",
="2017.08.20","0.00%",
="2017.08.21","0.00%",
="2017.08.22","0.00%",
="2017.08.23","0.00%",
="2017.08.24","0.60%",
="2017.08.25","0.62%",
="2017.08.26","0.64%",
="2017.08.27","0.65%",
="2017.08.28","0.63%",
="2017.08.29","0.00%",
="2017.08.30","0.00%",
="2017.08.31","0.62%",
="2017.09.01","0.62%",
="2017.09.02","0.61%",
="2017.09.03","0.00%",
="2017.09.04","0.60%",
="2017.09.05","0.62%",
="2017.09.06","0.00%",
="2017.09.07","0.62%",
="2017.09.08","0.64%",
="2017.09.09","0.62%",
="2017.09.10","0.62%",
="2017.09.11","0.62%",
="2017.09.12","0.64%",
="2017.09.13","0.63%",
="2017.09.14","0.67%",
="2017.09.15","0.66%",
="2017.09.16","0.64%",
="2017.09.17","0.65%",
="2017.09.18","0.00%",
="2017.09.19","0.00%",
="2017.09.20","0.62%",
="2017.09.21","0.00%",
="2017.09.22","0.64%",
="2017.09.23","0.62%",
="2017.09.24","0.66%",
="2017.09.25","0.00%",
="2017.09.26","0.61%",
="2017.09.27","0.61%",
="2017.09.28","0.64%",
="2017.09.29","0.00%",
="2017.09.30","0.64%",

"台湾省2017.07.01~2017.09.30浏览量占比"
时间,浏览量占比
="2017.07.01","0.00%",
="2017.07.02","0.52%",
="2017.07.03","0.00%",
="2017.07.04","0.00%",
="2017.07.05","0.00%",
="2017.07.06","0.00%",
="2017.07.07","0.51%",
="2017.07.08","0.00%",
="2017.07.09","0.00%",
="2017.07.10","0.00%",
="2017.07.11","0.00%",
="2017.07.12","0.00%",
="2017.07.13","0.00%",
="2017.07.14","0.00%",
="2017.07.15","0.00%",
="2017.07.16","0.00%",
="2017.07.17","0.00%",
="2017.07.18","0.00%",
="2017.07.19","0.00%",
="2017.07.20","0.00%",
="2017.07.21","0.00%",
="2017.07.22","0.76%",
="2017.07.23","0.00%",
="2017.07.24","0.71%",
="2017.07.25","0.00%",
="2017.07.26","0.68%",
="2017.07.27","0.00%",
="2017.07.28","0.00%",
="2017.07.29","0.00%",
="2017.07.30","0.00%",
="2017.07.31","0.00%",
="2017.08.01","0.00%",
="2017.08.02","0.00%",
="2017.08.03","0.00%",
="2017.08.04","0.00%",
="2017.08.05","0.63%",
="2017.08.06","0.00%",
="2017.08.07","0.00%",
="2017.08.08","0.00%",
="2017.08.09","0.00%",
="2017.08.10","0.00%",
="2017.08.11","0.00%",
="2017.08.12","0.00%",
="2017.08.13","0.00%",
="2017.08.14","0.00%",
="2017.08.15","0.00%",
="2017.08.16","0.00%",
="2017.08.17","0.00%",
="2017.08.18","0.00%",
="2017.08.19","0.32%",
="2017.08.20","0.00%",
="2017.08.21","0.00%",
="2017.08.22","0.00%",
="2017.08.23","0.00%",
="2017.08.24","0.37%",
="2017.08.25","0.36%",
="2017.08.26","0.42%",
="2017.08.27","0.44%",
="2017.08.28","0.41%",
="2017.08.29","0.00%",
="2017.08.30","0.00%",
="2017.08.31","0.40%",
="2017.09.01","0.43%",
="2017.09.02","0.47%",
="2017.09.03","0.00%",
="2017.09.04","0.41%",
="2017.09.05","0.40%",
="2017.09.06","0.00%",
="2017.09.07","0.39%",
="2017.09.08","0.40%",
="2017.09.09","0.43%",
="2017.09.10","0.47%",
="2017.09.11","0.39%",
="2017.09.12","0.41%",
="2017.09.13","0.44%",
="2017.09.14","0.44%",
="2017.09.15","0.42%",
="2017.09.16","0.43%",
="2017.09.17","0.46%",
="2017.09.18","0.00%",
="2017.09.19","0.00%",
="2017.09.20","0.40%",
="2017.09.21","0.00%",
="2017.09.22","0.38%",
="2017.09.23","0.39%",
="2017.09.24","0.42%",
="2017.09.25","0.00%",
="2017.09.26","0.39%",
="2017.09.27","0.40%",
="2017.09.28","0.41%",
="2017.09.29","0.00%",
="2017.09.30","0.40%",

"宁夏省2017.07.01~2017.09.30浏览量占比"
时间,浏览量占比
="2017.07.01","0.00%",
="2017.07.02","0.40%",
="2017.07.03","0.00%",
="2017.07.04","0.00%",
="2017.07.05","0.00%",
="2017.07.06","0.00%",
="2017.07.07","0.38%",
="2017.07.08","0.00%",
="2017.07.09","0.00%",
="2017.07.10","0.00%",
="2017.07.11","0.00%",
="2017.07.12","0.00%",
="2017.07.13","0.00%",
="2017.07.14","0.00%",
="2017.07.15","0.00%",
="2017.07.16","0.00%",
="2017.07.17","0.00%",
="2017.07.18","0.00%",
="2017.07.19","0.00%",
="2017.07.20","0.00%",
="2017.07.21","0.00%",
="2017.07.22","0.39%",
="2017.07.23","0.00%",
="2017.07.24","0.39%",
="2017.07.25","0.00%",
="2017.07.26","0.41%",
="2017.07.27","0.00%",
="2017.07.28","0.00%",
="2017.07.29","0.00%",
="2017.07.30","0.00%",
="2017.07.31","0.00%",
="2017.08.01","0.00%",
="2017.08.02","0.00%",
="2017.08.03","0.00%",
="2017.08.04","0.00%",
="2017.08.05","0.40%",
="2017.08.06","0.00%",
="2017.08.07","0.00%",
="2017.08.08","0.00%",
="2017.08.09","0.00%",
="2017.08.10","0.00%",
="2017.08.11","0.00%",
="2017.08.12","0.00%",
="2017.08.13","0.00%",
="2017.08.14","0.00%",
="2017.08.15","0.00%",
="2017.08.16","0.00%",
="2017.08.17","0.00%",
="2017.08.18","0.00%",
="2017.08.19","0.42%",
="2017.08.20","0.00%",
="2017.08.21","0.00%",
="2017.08.22","0.00%",
="2017.08.23","0.00%",
="2017.08.24","0.41%",
="2017.08.25","0.42%",
="2017.08.26","0.45%",
="2017.08.27","0.44%",
="2017.08.28","0.42%",
="2017.08.29","0.00%",
="2017.08.30","0.00%",
="2017.08.31","0.41%",
="2017.09.01","0.43%",
="2017.09.02","0.42%",
="2017.09.03","0.00%",
="2017.09.04","0.44%",
="2017.09.05","0.42%",
="2017.09.06","0.00%",
="2017.09.07","0.43%",
="2017.09.08","0.44%",
="2017.09.09","0.46%",
="2017.09.10","0.44%",
="2017.09.11","0.43%",
="2017.09.12","0.44%",
="2017.09.13","0.44%",
="2017.09.14","0.45%",
="2017.09.15","0.44%",
="2017.09.16","0.45%",
="2017.09.17","0.46%",
="2017.09.18","0.00%",
="2017.09.19","0.00%",
="2017.09.20","0.44%",
="2017.09.21","0.00%",
="2017.09.22","0.44%",
="2017.09.23","0.46%",
="2017.09.24","0.47%",
="2017.09.25","0.00%",
="2017.09.26","0.45%",
="2017.09.27","0.45%",
="2017.09.28","0.45%",
="2017.09.29","0.00%",
="2017.09.30","0.44%",

"青海省2017.07.01~2017.09.30浏览量占比"
时间,浏览量占比
="2017.07.01","0.00%",
="2017.07.02","0.26%",
="2017.07.03","0.00%",
="2017.07.04","0.00%",
="2017.07.05","0.00%",
="2017.07.06","0.00%",
="2017.07.07","0.25%",
="2017.07.08","0.00%",
="2017.07.09","0.00%",
="2017.07.10","0.00%",
="2017.07.11","0.00%",
="2017.07.12","0.00%",
="2017.07.13","0.00%",
="2017.07.14","0.00%",
="2017.07.15","0.00%",
="2017.07.16","0.00%",
="2017.07.17","0.00%",
="2017.07.18","0.00%",
="2017.07.19","0.00%",
="2017.07.20","0.00%",
="2017.07.21","0.00%",
="2017.07.22","0.25%",
="2017.07.23","0.00%",
="2017.07.24","0.26%",
="2017.07.25","0.00%",
="2017.07.26","0.28%",
="2017.07.27","0.00%",
="2017.07.28","0.00%",
="2017.07.29","0.00%",
="2017.07.30","0.00%",
="2017.07.31","0.00%",
="2017.08.01","0.00%",
="2017.08.02","0.00%",
="2017.08.03","0.00%",
="2017.08.04","0.00%",
="2017.08.05","0.26%",
="2017.08.06","0.00%",
="2017.08.07","0.00%",
="2017.08.08","0.00%",
="2017.08.09","0.00%",
="2017.08.10","0.00%",
="2017.08.11","0.00%",
="2017.08.12","0.00%",
="2017.08.13","0.00%",
="2017.08.14","0.00%",
="2017.08.15","0.00%",
="2017.08.16","0.00%",
="2017.08.17","0.00%",
="2017.08.18","0.00%",
="2017.08.19","0.28%",
="2017.08.20","0.00%",
="2017.08.21","0.00%",
="2017.08.22","0.00%",
="2017.08.23","0.00%",
="2017.08.24","0.28%",
="2017.08.25","0.28%",
="2017.08.26","0.27%",
="2017.08.27","0.29%",
="2017.08.28","0.29%",
="2017.08.29","0.00%",
="2017.08.30","0.00%",
="2017.08.31","0.28%",
="2017.09.01","0.28%",
="2017.09.02","0.27%",
="2017.09.03","0.00%",
="2017.09.04","0.30%",
="2017.09.05","0.28%",
="2017.09.06","0.00%",
="2017.09.07","0.29%",
="2017.09.08","0.29%",
="2017.09.09","0.29%",
="2017.09.10","0.27%",
="2017.09.11","0.28%",
="2017.09.12","0.28%",
="2017.09.13","0.29%",
="2017.09.14","0.29%",
="2017.09.15","0.28%",
="2017.09.16","0.29%",
="2017.09.17","0.30%",
="2017.09.18","0.00%",
="2017.09.19","0.00%",
="2017.09.20","0.29%",
="2017.09.21","0.00%",
="2017.09.22","0.28%",
="2017.09.23","0.30%",
="2017.09.24","0.32%",
="2017.09.25","0.00%",
="2017.09.26","0.30%",
="2017.09.27","0.29%",
="2017.09.28","0.29%",
="2017.09.29","0.00%",
="2017.09.30","0.28%",

"香港省2017.07.01~2017.09.30浏览量占比"
时间,浏览量占比
="2017.07.01","0.00%",
="2017.07.02","0.27%",
="2017.07.03","0.00%",
="2017.07.04","0.00%",
="2017.07.05","0.00%",
="2017.07.06","0.00%",
="2017.07.07","0.23%",
="2017.07.08","0.00%",
="2017.07.09","0.00%",
="2017.07.10","0.00%",
="2017.07.11","0.00%",
="2017.07.12","0.00%",
="2017.07.13","0.00%",
="2017.07.14","0.00%",
="2017.07.15","0.00%",
="2017.07.16","0.00%",
="2017.07.17","0.00%",
="2017.07.18","0.00%",
="2017.07.19","0.00%",
="2017.07.20","0.00%",
="2017.07.21","0.00%",
="2017.07.22","0.22%",
="2017.07.23","0.00%",
="2017.07.24","0.21%",
="2017.07.25","0.00%",
="2017.07.26","0.22%",
="2017.07.27","0.00%",
="2017.07.28","0.00%",
="2017.07.29","0.00%",
="2017.07.30","0.00%",
="2017.07.31","0.00%",
="2017.08.01","0.00%",
="2017.08.02","0.00%",
="2017.08.03","0.00%",
="2017.08.04","0.00%",
="2017.08.05","0.20%",
="2017.08.06","0.00%",
="2017.08.07","0.00%",
="2017.08.08","0.00%",
="2017.08.09","0.00%",
="2017.08.10","0.00%",
="2017.08.11","0.00%",
="2017.08.12","0.00%",
="2017.08.13","0.00%",
="2017.08.14","0.00%",
="2017.08.15","0.00%",
="2017.08.16","0.00%",
="2017.08.17","0.00%",
="2017.08.18","0.00%",
="2017.08.19","0.15%",
="2017.08.20","0.00%",
="2017.08.21","0.00%",
="2017.08.22","0.00%",
="2017.08.23","0.00%",
="2017.08.24","0.18%",
="2017.08.25","0.18%",
="2017.08.26","0.20%",
="2017.08.27","0.25%",
="2017.08.28","0.21%",
="2017.08.29","0.00%",
="2017.08.30","0.00%",
="2017.08.31","0.22%",
="2017.09.01","0.21%",
="2017.09.02","0.22%",
="2017.09.03","0.00%",
="2017.09.04","0.23%",
="2017.09.05","0.22%",
="2017.09.06","0.00%",
="2017.09.07","0.21%",
="2017.09.08","0.20%",
="2017.09.09","0.21%",
="2017.09.10","0.22%",
="2017.09.11","0.21%",
="2017.09.12","0.22%",
="2017.09.13","0.22%",
="2017.09.14","0.22%",
="2017.09.15","0.21%",
="2017.09.16","0.21%",
="2017.09.17","0.23%",
="2017.09.18","0.00%",
="2017.09.19","0.00%",
="2017.09.20","0.22%",
="2017.09.21","0.00%",
="2017.09.22","0.21%",
="2017.09.23","0.20%",
="2017.09.24","0.20%",
="2017.09.25","0.00%",
="2017.09.26","0.22%",
="2017.09.27","0.21%",
="2017.09.28","0.21%",
="2017.09.29","0.00%",
="2017.09.30","0.22%",

"西藏省2017.07.01~2017.09.30浏览量占比"
时间,浏览量占比
="2017.07.01","0.00%",
="2017.07.02","0.10%",
="2017.07.03","0.00%",
="2017.07.04","0.00%",
="2017.07.05","0.00%",
="2017.07.06","0.00%",
="2017.07.07","0.10%",
="2017.07.08","0.00%",
="2017.07.09","0.00%",
="2017.07.10","0.00%",
="2017.07.11","0.00%",
="2017.07.12","0.00%",
="2017.07.13","0.00%",
="2017.07.14","0.00%",
="2017.07.15","0.00%",
="2017.07.16","0.00%",
="2017.07.17","0.00%",
="2017.07.18","0.00%",
="2017.07.19","0.00%",
="2017.07.20","0.00%",
="2017.07.21","0.00%",
="2017.07.22","0.10%",
="2017.07.23","0.00%",
="2017.07.24","0.10%",
="2017.07.25","0.00%",
="2017.07.26","0.10%",
="2017.07.27","0.00%",
="2017.07.28","0.00%",
="2017.07.29","0.00%",
="2017.07.30","0.00%",
="2017.07.31","0.00%",
="2017.08.01","0.00%",
="2017.08.02","0.00%",
="2017.08.03","0.00%",
="2017.08.04","0.00%",
="2017.08.05","0.10%",
="2017.08.06","0.00%",
="2017.08.07","0.00%",
="2017.08.08","0.00%",
="2017.08.09","0.00%",
="2017.08.10","0.00%",
="2017.08.11","0.00%",
="2017.08.12","0.00%",
="2017.08.13","0.00%",
="2017.08.14","0.00%",
="2017.08.15","0.00%",
="2017.08.16","0.00%",
="2017.08.17","0.00%",
="2017.08.18","0.00%",
="2017.08.19","0.10%",
="2017.08.20","0.00%",
="2017.08.21","0.00%",
="2017.08.22","0.00%",
="2017.08.23","0.00%",
="2017.08.24","0.09%",
="2017.08.25","0.09%",
="2017.08.26","0.10%",
="2017.08.27","0.10%",
="2017.08.28","0.09%",
="2017.08.29","0.00%",
="2017.08.30","0.00%",
="2017.08.31","0.10%",
="2017.09.01","0.10%",
="2017.09.02","0.10%",
="2017.09.03","0.00%",
="2017.09.04","0.10%",
="2017.09.05","0.10%",
="2017.09.06","0.00%",
="2017.09.07","0.10%",
="2017.09.08","0.11%",
="2017.09.09","0.10%",
="2017.09.10","0.10%",
="2017.09.11","0.10%",
="2017.09.12","0.10%",
="2017.09.13","0.10%",
="2017.09.14","0.10%",
="2017.09.15","0.10%",
="2017.09.16","0.10%",
="2017.09.17","0.10%",
="2017.09.18","0.00%",
="2017.09.19","0.00%",
="2017.09.20","0.10%",
="2017.09.21","0.00%",
="2017.09.22","0.10%",
="2017.09.23","0.10%",
="2017.09.24","0.10%",
="2017.09.25","0.00%",
="2017.09.26","0.11%",
="2017.09.27","0.11%",
="2017.09.28","0.11%",
="2017.09.29","0.00%",
="2017.09.30","0.10%",

"澳门省2017.07.01~2017.09.30浏览量占比"
时间,浏览量占比
="2017.07.01","0.00%",
="2017.07.02","0.03%",
="2017.07.03","0.00%",
="2017.07.04","0.00%",
="2017.07.05","0.00%",
="2017.07.06","0.00%",
="2017.07.07","0.03%",
="2017.07.08","0.00%",
="2017.07.09","0.00%",
="2017.07.10","0.00%",
="2017.07.11","0.00%",
="2017.07.12","0.00%",
="2017.07.13","0.00%",
="2017.07.14","0.00%",
="2017.07.15","0.00%",
="2017.07.16","0.00%",
="2017.07.17","0.00%",
="2017.07.18","0.00%",
="2017.07.19","0.00%",
="2017.07.20","0.00%",
="2017.07.21","0.00%",
="2017.07.22","0.03%",
="2017.07.23","0.00%",
="2017.07.24","0.03%",
="2017.07.25","0.00%",
="2017.07.26","0.03%",
="2017.07.27","0.00%",
="2017.07.28","0.00%",
="2017.07.29","0.00%",
="2017.07.30","0.00%",
="2017.07.31","0.00%",
="2017.08.01","0.00%",
="2017.08.02","0.00%",
="2017.08.03","0.00%",
="2017.08.04","0.00%",
="2017.08.05","0.02%",
="2017.08.06","0.00%",
="2017.08.07","0.00%",
="2017.08.08","0.00%",
="2017.08.09","0.00%",
="2017.08.10","0.00%",
="2017.08.11","0.00%",
="2017.08.12","0.00%",
="2017.08.13","0.00%",
="2017.08.14","0.00%",
="2017.08.15","0.00%",
="2017.08.16","0.00%",
="2017.08.17","0.00%",
="2017.08.18","0.00%",
="2017.08.19","0.02%",
="2017.08.20","0.00%",
="2017.08.21","0.00%",
="2017.08.22","0.00%",
="2017.08.23","0.00%",
="2017.08.24","0.02%",
="2017.08.25","0.02%",
="2017.08.26","0.02%",
="2017.08.27","0.03%",
="2017.08.28","0.03%",
="2017.08.29","0.00%",
="2017.08.30","0.00%",
="2017.08.31","0.03%",
="2017.09.01","0.03%",
="2017.09.02","0.03%",
="2017.09.03","0.00%",
="2017.09.04","0.03%",
="2017.09.05","0.03%",
="2017.09.06","0.00%",
="2017.09.07","0.03%",
="2017.09.08","0.03%",
="2017.09.09","0.03%",
="2017.09.10","0.03%",
="2017.09.11","0.03%",
="2017.09.12","0.03%",
="2017.09.13","0.03%",
="2017.09.14","0.03%",
="2017.09.15","0.03%",
="2017.09.16","0.03%",
="2017.09.17","0.03%",
="2017.09.18","0.00%",
="2017.09.19","0.00%",
="2017.09.20","0.03%",
="2017.09.21","0.00%",
="2017.09.22","0.03%",
="2017.09.23","0.02%",
="2017.09.24","0.03%",
="2017.09.25","0.00%",
="2017.09.26","0.03%",
="2017.09.27","0.03%",
="2017.09.28","0.03%",
="2017.09.29","0.00%",
="2017.09.30","0.03%",

